raiz_emision,denominacion,cuit,clase,fuente,verificado
AEC2,AES ARGENTINA GENERACION S.A.,30663461113,OBLIGACIONES NEGOCIABLES,ARCA Bienes Personales 2025 (valuación al 31/12/2025),2026-08-18
AER9,AEROPUERTOS ARGENTINA 2000 S.A.,30696170580,OBLIGACIONES NEGOCIABLES,ARCA Bienes Personales 2025 (valuación al 31/12/2025),2026-08-18
AERB,AEROPUERTOS ARGENTINA 2000 S.A.,30696170580,OBLIGACIONES NEGOCIABLES,ARCA Bienes Personales 2025 (valuación al 31/12/2025),2026-08-18
AFCH,BANCO COMAFI S.A.,30604731018,OBLIGACIONES NEGOCIABLES,ARCA Bienes Personales 2025 (valuación al 31/12/2025),2026-08-18
AFCI,BANCO COMAFI S.A.,30604731018,OBLIGACIONES NEGOCIABLES,ARCA Bienes Personales 2025 (valuación al 31/12/2025),2026-08-18
ARC1,AEROPUERTOS ARGENTINA 2000 S.A.,30696170580,OBLIGACIONES NEGOCIABLES,ARCA Bienes Personales 2025 (valuación al 31/12/2025),2026-08-18
BACA,BANCO MACRO S.A.,30500010084,OBLIGACIONES NEGOCIABLES,ARCA Bienes Personales 2025 (valuación al 31/12/2025),2026-08-18
BACG,BANCO MACRO S.A.,30500010084,OBLIGACIONES NEGOCIABLES,ARCA Bienes Personales 2025 (valuación al 31/12/2025),2026-08-18
BCCK,BANCO CMF S.A.,30576614299,OBLIGACIONES NEGOCIABLES,ARCA Bienes Personales 2025 (valuación al 31/12/2025),2026-08-18
BDCK,BANCO DE CREDITO Y SECURITIZACION SA,30707227415,OBLIGACIONES NEGOCIABLES,ARCA Bienes Personales 2025 (valuación al 31/12/2025),2026-08-18
BF37,BANCO BBVA ARGENTINA S.A.,30500003193,OBLIGACIONES NEGOCIABLES,ARCA Bienes Personales 2025 (valuación al 31/12/2025),2026-08-18
BF39,BANCO BBVA ARGENTINA S.A.,30500003193,OBLIGACIONES NEGOCIABLES,ARCA Bienes Personales 2025 (valuación al 31/12/2025),2026-08-18
BGC4,BANCO PATAGONIA S.A.,30500006613,OBLIGACIONES NEGOCIABLES,ARCA Bienes Personales 2025 (valuación al 31/12/2025),2026-08-18
BPCS,BANCO SUPERVIELLE S.A.,33500005179,OBLIGACIONES NEGOCIABLES,ARCA Bienes Personales 2025 (valuación al 31/12/2025),2026-08-18
BPCT,BANCO SUPERVIELLE S.A.,33500005179,OBLIGACIONES NEGOCIABLES,ARCA Bienes Personales 2025 (valuación al 31/12/2025),2026-08-18
BPCU,BANCO SUPERVIELLE S.A.,33500005179,OBLIGACIONES NEGOCIABLES,ARCA Bienes Personales 2025 (valuación al 31/12/2025),2026-08-18
BVCP,BANCO DE SERVICIOS Y TRANSACCIONES S.A.,30704960995,OBLIGACIONES NEGOCIABLES,ARCA Bienes Personales 2025 (valuación al 31/12/2025),2026-08-18
BYCH,BANCO DE GALICIA Y BUENOS AIRES S.A.U.,30500001735,OBLIGACIONES NEGOCIABLES,ARCA Bienes Personales 2025 (valuación al 31/12/2025),2026-08-18
BYCV,BANCO DE GALICIA Y BUENOS AIRES S.A.,30500001735,OBLIGACIONES NEGOCIABLES,ARCA Bienes Personales 2025 (valuación al 31/12/2025),2026-08-18
BYCW,BANCO DE GALICIA Y BUENOS AIRES S.A.,30500001735,OBLIGACIONES NEGOCIABLES,ARCA Bienes Personales 2025 (valuación al 31/12/2025),2026-08-18
BYCX,BANCO DE GALICIA Y BUENOS AIRES S.A.,30500001735,OBLIGACIONES NEGOCIABLES,ARCA Bienes Personales 2025 (valuación al 31/12/2025),2026-08-18
CAC5,CAPEX S.A.,30629827060,OBLIGACIONES NEGOCIABLES,ARCA Bienes Personales 2025 (valuación al 31/12/2025),2026-08-18
CAC6,CAPEX S.A.,30629827060,OBLIGACIONES NEGOCIABLES,ARCA Bienes Personales 2025 (valuación al 31/12/2025),2026-08-18
CAC7,CAPEX S.A.,30629827060,OBLIGACIONES NEGOCIABLES,ARCA Bienes Personales 2025 (valuación al 31/12/2025),2026-08-18
CACA,CAPEX S.A.,30629827060,OBLIGACIONES NEGOCIABLES,ARCA Bienes Personales 2025 (valuación al 31/12/2025),2026-08-18
CACB,CAPEX S.A.,30629827060,OBLIGACIONES NEGOCIABLES,ARCA Bienes Personales 2025 (valuación al 31/12/2025),2026-08-18
CACD,CAPEX S.A.,30629827060,OBLIGACIONES NEGOCIABLES,ARCA Bienes Personales 2025 (valuación al 31/12/2025),2026-08-18
CIC7,CNH INDUSTRIAL CAPITAL ARGENTINA S.A.,30714322938,OBLIGACIONES NEGOCIABLES,ARCA Bienes Personales 2025 (valuación al 31/12/2025),2026-08-18
CIC8,CNH INDUSTRIAL CAPITAL ARGENTINA S.A.,30714322938,OBLIGACIONES NEGOCIABLES,ARCA Bienes Personales 2025 (valuación al 31/12/2025),2026-08-18
CIC9,CNH INDUSTRIAL CAPITAL ARGENTINA S.A.,30714322938,OBLIGACIONES NEGOCIABLES,ARCA Bienes Personales 2025 (valuación al 31/12/2025),2026-08-18
CICA,CNH INDUSTRIAL CAPITAL ARGENTINA S.A.,30714322938,OBLIGACIONES NEGOCIABLES,ARCA Bienes Personales 2025 (valuación al 31/12/2025),2026-08-18
CLI1,COMPANIA LAT.AM.DE INFRA&SERVICIOS,30710850395,OBLIGACIONES NEGOCIABLES,ARCA Bienes Personales 2025 (valuación al 31/12/2025),2026-08-18
CLSI,COMPANIA LAT.AM.DE INFRA&SERVICIOS,30710850395,OBLIGACIONES NEGOCIABLES,ARCA Bienes Personales 2025 (valuación al 31/12/2025),2026-08-18
COC1,BANCO DE LA PROVINCIA DE CORDOBA S.A.,30999228565,OBLIGACIONES NEGOCIABLES,ARCA Bienes Personales 2025 (valuación al 31/12/2025),2026-08-18
COC2,BANCO DE LA PROVINCIA DE CORDOBA S.A.,30999228565,OBLIGACIONES NEGOCIABLES,ARCA Bienes Personales 2025 (valuación al 31/12/2025),2026-08-18
CP28,CIA GENERAL DE COMBUSTIBLES S.A.,30506733932,OBLIGACIONES NEGOCIABLES,ARCA Bienes Personales 2025 (valuación al 31/12/2025),2026-08-18
CP36,CIA GENERAL DE COMBUSTIBLES S.A.,30506733932,OBLIGACIONES NEGOCIABLES,ARCA Bienes Personales 2025 (valuación al 31/12/2025),2026-08-18
CP37,CIA GENERAL DE COMBUSTIBLES S.A.,30506733932,OBLIGACIONES NEGOCIABLES,ARCA Bienes Personales 2025 (valuación al 31/12/2025),2026-08-18
CP38,CIA GENERAL DE COMBUSTIBLES S.A.,30506733932,OBLIGACIONES NEGOCIABLES,ARCA Bienes Personales 2025 (valuación al 31/12/2025),2026-08-18
CRCJ,CELULOSA ARGENTINA S.A.,30501062150,OBLIGACIONES NEGOCIABLES,ARCA Bienes Personales 2025 (valuación al 31/12/2025),2026-08-18
CS40,CRESUD S.A.C.I.F. Y A.,30509300700,OBLIGACIONES NEGOCIABLES,ARCA Bienes Personales 2025 (valuación al 31/12/2025),2026-08-18
CS45,CRESUD S.A.C.I.F. Y A.,30509300700,OBLIGACIONES NEGOCIABLES,ARCA Bienes Personales 2025 (valuación al 31/12/2025),2026-08-18
CS47,CRESUD S.A.C.I.F. Y A.,30509300700,OBLIGACIONES NEGOCIABLES,ARCA Bienes Personales 2025 (valuación al 31/12/2025),2026-08-18
CS48,CRESUD S.A.C.I.F. Y A.,30509300700,OBLIGACIONES NEGOCIABLES,ARCA Bienes Personales 2025 (valuación al 31/12/2025),2026-08-18
CS49,CRESUD S.A.C.I.F. Y A.,30509300700,OBLIGACIONES NEGOCIABLES,ARCA Bienes Personales 2025 (valuación al 31/12/2025),2026-08-18
CS50,CRESUD S.A.C.I.F. Y A.,30509300700,OBLIGACIONES NEGOCIABLES,ARCA Bienes Personales 2025 (valuación al 31/12/2025),2026-08-18
CWC6,CROWN POINT ENERGIA S.A.,30709346268,OBLIGACIONES NEGOCIABLES,ARCA Bienes Personales 2025 (valuación al 31/12/2025),2026-08-18
CY2BP,CHAYE HNOS S.R.L.,30708410051,OBLIGACIONES NEGOCIABLES PYMES,ARCA Bienes Personales 2025 (valuación al 31/12/2025),2026-08-18
DEC2,EMPRESA DISTRIB DE ELECTRICIDAD SALTA S.A.,30690633635,OBLIGACIONES NEGOCIABLES,ARCA Bienes Personales 2025 (valuación al 31/12/2025),2026-08-18
DHSI,CREDICUOTAS CONSUMO S.A.,30710911580,OBLIGACIONES NEGOCIABLES,ARCA Bienes Personales 2025 (valuación al 31/12/2025),2026-08-18
DHSJ,CREDICUOTAS CONSUMO S.A.,30710911580,OBLIGACIONES NEGOCIABLES,ARCA Bienes Personales 2025 (valuación al 31/12/2025),2026-08-18
DNC3,EDENOR S.A.,30655116202,OBLIGACIONES NEGOCIABLES,ARCA Bienes Personales 2025 (valuación al 31/12/2025),2026-08-18
DNC5,EDENOR S.A.,30655116202,OBLIGACIONES NEGOCIABLES,ARCA Bienes Personales 2025 (valuación al 31/12/2025),2026-08-18
DNC7,EDENOR S.A.,30655116202,OBLIGACIONES NEGOCIABLES,ARCA Bienes Personales 2025 (valuación al 31/12/2025),2026-08-18
DNC9,EDENOR S.A.,30655116202,OBLIGACIONES NEGOCIABLES,ARCA Bienes Personales 2025 (valuación al 31/12/2025),2026-08-18
EAC1,MSU GREEN ENERGY S.A.U.,30714155128,OBLIGACIONES NEGOCIABLES,ARCA Bienes Personales 2025 (valuación al 31/12/2025),2026-08-18
EAC3,MSU GREEN ENERGY S.A.U.,30714155128,OBLIGACIONES NEGOCIABLES,ARCA Bienes Personales 2025 (valuación al 31/12/2025),2026-08-18
EMC1,COMPANIA MEGA S.A.,30696139888,OBLIGACIONES NEGOCIABLES,ARCA Bienes Personales 2025 (valuación al 31/12/2025),2026-08-18
EP4BP,TRESNAL AGROPECUARIA S.A.,33708830599,OBLIGACIONES NEGOCIABLES PYMES,ARCA Bienes Personales 2025 (valuación al 31/12/2025),2026-08-18
FPC1,FIPLASTO S.A.,30502112259,OBLIGACIONES NEGOCIABLES,ARCA Bienes Personales 2025 (valuación al 31/12/2025),2026-08-18
GN43,GENNEIA S.A.,30665234114,OBLIGACIONES NEGOCIABLES,ARCA Bienes Personales 2025 (valuación al 31/12/2025),2026-08-18
GN47,GENNEIA S.A.,30665234114,OBLIGACIONES NEGOCIABLES,ARCA Bienes Personales 2025 (valuación al 31/12/2025),2026-08-18
GN48,GENNEIA S.A.,30665234114,OBLIGACIONES NEGOCIABLES,ARCA Bienes Personales 2025 (valuación al 31/12/2025),2026-08-18
GN49,GENNEIA S.A.,30665234114,OBLIGACIONES NEGOCIABLES,ARCA Bienes Personales 2025 (valuación al 31/12/2025),2026-08-18
GOC4,GENERACION LITORAL SA,33715184139,OBLIGACIONES NEGOCIABLES,ARCA Bienes Personales 2025 (valuación al 31/12/2025),2026-08-18
GYC4,360 ENERGY SOLAR S.A,30712115803,OBLIGACIONES NEGOCIABLES,ARCA Bienes Personales 2025 (valuación al 31/12/2025),2026-08-18
GYC5,360 ENERGY SOLAR S.A,30712115803,OBLIGACIONES NEGOCIABLES,ARCA Bienes Personales 2025 (valuación al 31/12/2025),2026-08-18
HBCA,BANCO HIPOTECARIO S.A.,30500011072,OBLIGACIONES NEGOCIABLES,ARCA Bienes Personales 2025 (valuación al 31/12/2025),2026-08-18
HBCB,BANCO HIPOTECARIO S.A.,30500011072,OBLIGACIONES NEGOCIABLES,ARCA Bienes Personales 2025 (valuación al 31/12/2025),2026-08-18
HBCD,BANCO HIPOTECARIO S.A.,30500011072,OBLIGACIONES NEGOCIABLES,ARCA Bienes Personales 2025 (valuación al 31/12/2025),2026-08-18
HJCF,JOHN DEERE CREDIT COMPANIA FINANCIERA S.A.,30707024859,OBLIGACIONES NEGOCIABLES,ARCA Bienes Personales 2025 (valuación al 31/12/2025),2026-08-18
HJCG,JOHN DEERE CREDIT COMPANIA FINANCIERA S.A.,30707024859,OBLIGACIONES NEGOCIABLES,ARCA Bienes Personales 2025 (valuación al 31/12/2025),2026-08-18
HJCH,JOHN DEERE CREDIT COMPANIA FINANCIERA S.A.,30707024859,OBLIGACIONES NEGOCIABLES,ARCA Bienes Personales 2025 (valuación al 31/12/2025),2026-08-18
HJCI,JOHN DEERE CREDIT COMPANIA FINANCIERA S.A.,30707024859,OBLIGACIONES NEGOCIABLES,ARCA Bienes Personales 2025 (valuación al 31/12/2025),2026-08-18
HJCJ,JOHN DEERE CREDIT COMPANIA FINANCIERA S.A.,30707024859,OBLIGACIONES NEGOCIABLES,ARCA Bienes Personales 2025 (valuación al 31/12/2025),2026-08-18
HVS1,HAVANNA S.A.,33697235049,OBLIGACIONES NEGOCIABLES,ARCA Bienes Personales 2025 (valuación al 31/12/2025),2026-08-18
IRCF,IRSA INVERSIONES Y REPRESENTACIONES S.A.,30525322749,OBLIGACIONES NEGOCIABLES,ARCA Bienes Personales 2025 (valuación al 31/12/2025),2026-08-18
IRCJ,IRSA INVERSIONES Y REPRESENTACIONES S.A.,30525322749,OBLIGACIONES NEGOCIABLES,ARCA Bienes Personales 2025 (valuación al 31/12/2025),2026-08-18
IRCN,IRSA INVERSIONES Y REPRESENTACIONES S.A.,30525322749,OBLIGACIONES NEGOCIABLES,ARCA Bienes Personales 2025 (valuación al 31/12/2025),2026-08-18
IRCO,IRSA INVERSIONES Y REPRESENTACIONES S.A.,30525322749,OBLIGACIONES NEGOCIABLES,ARCA Bienes Personales 2025 (valuación al 31/12/2025),2026-08-18
IRCP,IRSA INVERSIONES Y REPRESENTACIONES S.A.,30525322749,OBLIGACIONES NEGOCIABLES,ARCA Bienes Personales 2025 (valuación al 31/12/2025),2026-08-18
JNC5,INVERSORA JURAMENTO SA,30640285431,OBLIGACIONES NEGOCIABLES,ARCA Bienes Personales 2025 (valuación al 31/12/2025),2026-08-18
JNC6,INVERSORA JURAMENTO SA,30640285431,OBLIGACIONES NEGOCIABLES,ARCA Bienes Personales 2025 (valuación al 31/12/2025),2026-08-18
LDCG,LEDESMA S.A.A.I,30501250305,OBLIGACIONES NEGOCIABLES,ARCA Bienes Personales 2025 (valuación al 31/12/2025),2026-08-18
LECA,ALBANESI S.A.,30682504125,OBLIGACIONES NEGOCIABLES,ARCA Bienes Personales 2025 (valuación al 31/12/2025),2026-08-18
LECG,ALBANESI S.A.,30682504125,OBLIGACIONES NEGOCIABLES,ARCA Bienes Personales 2025 (valuación al 31/12/2025),2026-08-18
LECH,ALBANESI S.A.,30682504125,OBLIGACIONES NEGOCIABLES,ARCA Bienes Personales 2025 (valuación al 31/12/2025),2026-08-18
LECI,ALBANESI S.A.,30682504125,OBLIGACIONES NEGOCIABLES,ARCA Bienes Personales 2025 (valuación al 31/12/2025),2026-08-18
LMS7,ALUAR ALUMINIO ARGENTINO S.A.I.C.,30522780606,OBLIGACIONES NEGOCIABLES,ARCA Bienes Personales 2025 (valuación al 31/12/2025),2026-08-18
LMS8,ALUAR ALUMINIO ARGENTINO S.A.I.C.,30522780606,OBLIGACIONES NEGOCIABLES,ARCA Bienes Personales 2025 (valuación al 31/12/2025),2026-08-18
LOC5,LOMA NEGRA S.A.,30500530851,OBLIGACIONES NEGOCIABLES,ARCA Bienes Personales 2025 (valuación al 31/12/2025),2026-08-18
LR7A,LABORATORIOS RICHMOND S.A.C.I.F.,30501152826,OBLIGACIONES NEGOCIABLES,ARCA Bienes Personales 2025 (valuación al 31/12/2025),2026-08-18
MCC1,PECOM SERVICIOS ENERGIA S.A.U.,30654424698,OBLIGACIONES NEGOCIABLES,ARCA Bienes Personales 2025 (valuación al 31/12/2025),2026-08-18
MCC2,PECOM SERVICIOS ENERGIA S.A.U.,30654424698,OBLIGACIONES NEGOCIABLES,ARCA Bienes Personales 2025 (valuación al 31/12/2025),2026-08-18
MGC3,PAMPA ENERGIA S.A.,30526552659,OBLIGACIONES NEGOCIABLES,ARCA Bienes Personales 2025 (valuación al 31/12/2025),2026-08-18
MGCE,PAMPA ENERGIA S.A.,30526552659,OBLIGACIONES NEGOCIABLES,ARCA Bienes Personales 2025 (valuación al 31/12/2025),2026-08-18
MGCM,PAMPA ENERGIA S.A,30526552659,OBLIGACIONES NEGOCIABLES,ARCA Bienes Personales 2025 (valuación al 31/12/2025),2026-08-18
MGCN,PAMPA ENERGIA S.A.,30526552659,OBLIGACIONES NEGOCIABLES,ARCA Bienes Personales 2025 (valuación al 31/12/2025),2026-08-18
MGCO,PAMPA ENERGIA S.A,30526552659,OBLIGACIONES NEGOCIABLES,ARCA Bienes Personales 2025 (valuación al 31/12/2025),2026-08-18
MGCQ,PAMPA ENERGIA S.A.,30526552659,OBLIGACIONES NEGOCIABLES,ARCA Bienes Personales 2025 (valuación al 31/12/2025),2026-08-18
MGCR,PAMPA ENERGIA S.A.,30526552659,OBLIGACIONES NEGOCIABLES,ARCA Bienes Personales 2025 (valuación al 31/12/2025),2026-08-18
MIC3,MIRGOR S.A.,30578036071,OBLIGACIONES NEGOCIABLES,ARCA Bienes Personales 2025 (valuación al 31/12/2025),2026-08-18
MR35,GENER.MEDITE./CENTRAL TERMICA ROCA S.A.,33711944899,OBLIGACIONES NEGOCIABLES,ARCA Bienes Personales 2025 (valuación al 31/12/2025),2026-08-18
MR36,GENER.MEDITE./CENTRAL TERMICA ROCA S.A.,33711944899,OBLIGACIONES NEGOCIABLES,ARCA Bienes Personales 2025 (valuación al 31/12/2025),2026-08-18
MR37,GENER.MEDITE./CENTRAL TERMICA ROCA S.A.,33711944899,OBLIGACIONES NEGOCIABLES,ARCA Bienes Personales 2025 (valuación al 31/12/2025),2026-08-18
MR38,GENER.MEDITE./CENTRAL TERMICA ROCA S.A.,33711944899,OBLIGACIONES NEGOCIABLES,ARCA Bienes Personales 2025 (valuación al 31/12/2025),2026-08-18
MR39,GENERACION MEDITERRANEA S.A,30682434720,OBLIGACIONES NEGOCIABLES,ARCA Bienes Personales 2025 (valuación al 31/12/2025),2026-08-18
MRCA,GEN. MEDIT. / GEN. FRIAS / C. TER. ROCA,30711586691,OBLIGACIONES NEGOCIABLES,ARCA Bienes Personales 2025 (valuación al 31/12/2025),2026-08-18
MRCG,GENER.MEDITE./CENTRAL TERMICA ROCA S.A.,33711944899,OBLIGACIONES NEGOCIABLES,ARCA Bienes Personales 2025 (valuación al 31/12/2025),2026-08-18
MRCL,GENER.MEDITE./CENTRAL TERMICA ROCA S.A.,33711944899,OBLIGACIONES NEGOCIABLES,ARCA Bienes Personales 2025 (valuación al 31/12/2025),2026-08-18
MSSF,MSU S.A.,30607597193,OBLIGACIONES NEGOCIABLES,ARCA Bienes Personales 2025 (valuación al 31/12/2025),2026-08-18
MSSG,MSU S.A.,30607597193,OBLIGACIONES NEGOCIABLES,ARCA Bienes Personales 2025 (valuación al 31/12/2025),2026-08-18
NHC1,NUEVO BANCO DEL CHACO S.A.,30670157799,OBLIGACIONES NEGOCIABLES,ARCA Bienes Personales 2025 (valuación al 31/12/2025),2026-08-18
NPCC,CENTRAL PUERTO S. A.,33650305499,OBLIGACIONES NEGOCIABLES,ARCA Bienes Personales 2025 (valuación al 31/12/2025),2026-08-18
OLC5,OLEODUCTOS DEL VALLE S.A.,30658840165,OBLIGACIONES NEGOCIABLES,ARCA Bienes Personales 2025 (valuación al 31/12/2025),2026-08-18
OLC6,OLEODUCTOS DEL VALLE S.A.,30658840165,OBLIGACIONES NEGOCIABLES,ARCA Bienes Personales 2025 (valuación al 31/12/2025),2026-08-18
OR3BP,AGRONORTE S.R.L.,30547794482,OBLIGACIONES NEGOCIABLES PYMES,ARCA Bienes Personales 2025 (valuación al 31/12/2025),2026-08-18
OT41,OILTANKING EBYTEM S.A.,30658839523,OBLIGACIONES NEGOCIABLES,ARCA Bienes Personales 2025 (valuación al 31/12/2025),2026-08-18
OT42,OILTANKING EBYTEM S.A.,30658839523,OBLIGACIONES NEGOCIABLES,ARCA Bienes Personales 2025 (valuación al 31/12/2025),2026-08-18
OTS2,OILTANKING EBYTEM S.A.,30658839523,OBLIGACIONES NEGOCIABLES,ARCA Bienes Personales 2025 (valuación al 31/12/2025),2026-08-18
OTS3,OILTANKING EBYTEM S.A.,30658839523,OBLIGACIONES NEGOCIABLES,ARCA Bienes Personales 2025 (valuación al 31/12/2025),2026-08-18
OTS5,OILTANKING EBYTEM S.A.,30658839523,OBLIGACIONES NEGOCIABLES,ARCA Bienes Personales 2025 (valuación al 31/12/2025),2026-08-18
OZC3,EMPRESA DISTRIB DE ELECTRICIDAD DE MENDOZA S.A.,30699542454,OBLIGACIONES NEGOCIABLES,ARCA Bienes Personales 2025 (valuación al 31/12/2025),2026-08-18
OZC6,EMPRESA DISTRIB DE ELECTRICIDAD DE MENDOZA S.A.,30699542454,OBLIGACIONES NEGOCIABLES,ARCA Bienes Personales 2025 (valuación al 31/12/2025),2026-08-18
PBS1M,PROMEDON S.A.,30619780635,OBLIGACIONES NEGOCIABLES,ARCA Bienes Personales 2025 (valuación al 31/12/2025),2026-08-18
PECB,PETROLERA ACONCAGUA ENERGIA S.A.,30714814229,OBLIGACIONES NEGOCIABLES,ARCA Bienes Personales 2025 (valuación al 31/12/2025),2026-08-18
PECG,PETROLERA ACONCAGUA ENERGIA S.A.,30714814229,OBLIGACIONES NEGOCIABLES,ARCA Bienes Personales 2025 (valuación al 31/12/2025),2026-08-18
PECK,PETROLERA ACONCAGUA ENERGIA S.A.,30714814229,OBLIGACIONES NEGOCIABLES,ARCA Bienes Personales 2025 (valuación al 31/12/2025),2026-08-18
PECL,PETROLERA ACONCAGUA ENERGIA S.A.,30714814229,OBLIGACIONES NEGOCIABLES,ARCA Bienes Personales 2025 (valuación al 31/12/2025),2026-08-18
PECM,PETROLERA ACONCAGUA ENERGIA S.A.,30714814229,OBLIGACIONES NEGOCIABLES,ARCA Bienes Personales 2025 (valuación al 31/12/2025),2026-08-18
PECN,PETROLERA ACONCAGUA ENERGIA S.A.,30714814229,OBLIGACIONES NEGOCIABLES,ARCA Bienes Personales 2025 (valuación al 31/12/2025),2026-08-18
PFC2,PROFERTIL S.A,30691576511,OBLIGACIONES NEGOCIABLES,ARCA Bienes Personales 2025 (valuación al 31/12/2025),2026-08-18
PLC1,PLUSPETROL S.A.,30678224010,OBLIGACIONES NEGOCIABLES,ARCA Bienes Personales 2025 (valuación al 31/12/2025),2026-08-18
PLC2,PLUSPETROL S.A.,30678224010,OBLIGACIONES NEGOCIABLES,ARCA Bienes Personales 2025 (valuación al 31/12/2025),2026-08-18
PLC3,PLUSPETROL S.A.,30678224010,OBLIGACIONES NEGOCIABLES,ARCA Bienes Personales 2025 (valuación al 31/12/2025),2026-08-18
PLC4,PLUSPETROL S.A.,30678224010,OBLIGACIONES NEGOCIABLES,ARCA Bienes Personales 2025 (valuación al 31/12/2025),2026-08-18
PLC5,PLUSPETROL S.A.,30678224010,OBLIGACIONES NEGOCIABLES,ARCA Bienes Personales 2025 (valuación al 31/12/2025),2026-08-18
PN34,PAN AMERICAN ENERGY LLC (PAE SUCURSAL),30714813583,OBLIGACIONES NEGOCIABLES,ARCA Bienes Personales 2025 (valuación al 31/12/2025),2026-08-18
PN35,PAN AMERICAN ENERGY LLC (PAE SUCURSAL),30714813583,OBLIGACIONES NEGOCIABLES,ARCA Bienes Personales 2025 (valuación al 31/12/2025),2026-08-18
PN36,PAN AMERICAN ENERGY LLC (PAE SUCURSAL),30714813583,OBLIGACIONES NEGOCIABLES,ARCA Bienes Personales 2025 (valuación al 31/12/2025),2026-08-18
PN37,PAN AMERICAN ENERGY LLC (PAE SUCURSAL),30714813583,OBLIGACIONES NEGOCIABLES,ARCA Bienes Personales 2025 (valuación al 31/12/2025),2026-08-18
PN38,PAN AMERICAN ENERGY LLC (PAE SUCURSAL),30714813583,OBLIGACIONES NEGOCIABLES,ARCA Bienes Personales 2025 (valuación al 31/12/2025),2026-08-18
PN40,PAN AMERICAN ENERGY LLC (PAE SUCURSAL),30714813583,OBLIGACIONES NEGOCIABLES,ARCA Bienes Personales 2025 (valuación al 31/12/2025),2026-08-18
PN41,PAN AMERICAN ENERGY LLC (PAE SUCURSAL),30714813583,OBLIGACIONES NEGOCIABLES,ARCA Bienes Personales 2025 (valuación al 31/12/2025),2026-08-18
PN42,PAN AMERICAN ENERGY LLC (PAE SUCURSAL),30714813583,OBLIGACIONES NEGOCIABLES,ARCA Bienes Personales 2025 (valuación al 31/12/2025),2026-08-18
PNDC,PAN AMERICAN ENERGY LLC (PAE SUCURSAL),30714813583,OBLIGACIONES NEGOCIABLES,ARCA Bienes Personales 2025 (valuación al 31/12/2025),2026-08-18
PNIC,PAN AMERICAN ENERGY LLC (PAE SUCURSAL),30714813583,OBLIGACIONES NEGOCIABLES,ARCA Bienes Personales 2025 (valuación al 31/12/2025),2026-08-18
PNRC,PAN AMERICAN ENERGY LLC (PAE SUCURSAL),30714813583,OBLIGACIONES NEGOCIABLES,ARCA Bienes Personales 2025 (valuación al 31/12/2025),2026-08-18
PNXC,"PAN AMERICAN ENERGY, S.L. SUCURSAL ARGENTINA",30695542476,OBLIGACIONES NEGOCIABLES,ARCA Bienes Personales 2025 (valuación al 31/12/2025),2026-08-18
PQCO,PETROQUIMICA COMODORO RIVADAVIA S.A,30563598111,OBLIGACIONES NEGOCIABLES,ARCA Bienes Personales 2025 (valuación al 31/12/2025),2026-08-18
PQCR,PETROQUIMICA COMODORO RIVADAVIA S.A,30563598111,OBLIGACIONES NEGOCIABLES,ARCA Bienes Personales 2025 (valuación al 31/12/2025),2026-08-18
PQCS,PETROQUIMICA COMODORO RIVADAVIA S.A,30563598111,OBLIGACIONES NEGOCIABLES,ARCA Bienes Personales 2025 (valuación al 31/12/2025),2026-08-18
PQCT,PETROQUIMICA COMODORO RIVADAVIA S.A,30563598111,OBLIGACIONES NEGOCIABLES,ARCA Bienes Personales 2025 (valuación al 31/12/2025),2026-08-18
PZCG,PLAZA LOGISTICA S.R.L.,30655942382,OBLIGACIONES NEGOCIABLES,ARCA Bienes Personales 2025 (valuación al 31/12/2025),2026-08-18
RC1C,ARCOR S.A.I.C.,30502793175,OBLIGACIONES NEGOCIABLES,ARCA Bienes Personales 2025 (valuación al 31/12/2025),2026-08-18
RC2C,ARCOR S.A.I.C.,30502793175,OBLIGACIONES NEGOCIABLES,ARCA Bienes Personales 2025 (valuación al 31/12/2025),2026-08-18
RC3C,ARCOR S.A.I.C.,30502793175,OBLIGACIONES NEGOCIABLES,ARCA Bienes Personales 2025 (valuación al 31/12/2025),2026-08-18
RCCR,ARCOR S.A.I.C.,30502793175,OBLIGACIONES NEGOCIABLES,ARCA Bienes Personales 2025 (valuación al 31/12/2025),2026-08-18
RUCD,MSU ENERGY S.A.,30714378402,OBLIGACIONES NEGOCIABLES,ARCA Bienes Personales 2025 (valuación al 31/12/2025),2026-08-18
RVS1,CLUB ATLETICO RIVER PLATE ASOCIACION CIVIL,30526748448,OBLIGACIONES NEGOCIABLES,ARCA Bienes Personales 2025 (valuación al 31/12/2025),2026-08-18
RZ9A,RIZOBACTER ARGENTINA S.A.,30593174057,OBLIGACIONES NEGOCIABLES,ARCA Bienes Personales 2025 (valuación al 31/12/2025),2026-08-18
RZ9B,RIZOBACTER ARGENTINA S.A.,30593174057,OBLIGACIONES NEGOCIABLES,ARCA Bienes Personales 2025 (valuación al 31/12/2025),2026-08-18
RZAB,RIZOBACTER ARGENTINA S.A.,30593174057,OBLIGACIONES NEGOCIABLES,ARCA Bienes Personales 2025 (valuación al 31/12/2025),2026-08-18
SBC1,SCANIA CREDIT ARGENTINA S.A.U.,30717023990,OBLIGACIONES NEGOCIABLES,ARCA Bienes Personales 2025 (valuación al 31/12/2025),2026-08-18
SIC1,SIDERSA S.A.,30615368292,OBLIGACIONES NEGOCIABLES,ARCA Bienes Personales 2025 (valuación al 31/12/2025),2026-08-18
SNAA,S.A. SAN MIGUEL,30511190238,OBLIGACIONES NEGOCIABLES,ARCA Bienes Personales 2025 (valuación al 31/12/2025),2026-08-18
SNAB,S.A. SAN MIGUEL,30511190238,OBLIGACIONES NEGOCIABLES,ARCA Bienes Personales 2025 (valuación al 31/12/2025),2026-08-18
SNSB,S.A. SAN MIGUEL,30511190238,OBLIGACIONES NEGOCIABLES,ARCA Bienes Personales 2025 (valuación al 31/12/2025),2026-08-18
SNSD,S.A. SAN MIGUEL,30511190238,OBLIGACIONES NEGOCIABLES,ARCA Bienes Personales 2025 (valuación al 31/12/2025),2026-08-18
T641,TARJETA NARANJA S.A.,30685376349,OBLIGACIONES NEGOCIABLES,ARCA Bienes Personales 2025 (valuación al 31/12/2025),2026-08-18
T661,TARJETA NARANJA S.A.,30685376349,OBLIGACIONES NEGOCIABLES,ARCA Bienes Personales 2025 (valuación al 31/12/2025),2026-08-18
T662,TARJETA NARANJA S.A.,30685376349,OBLIGACIONES NEGOCIABLES,ARCA Bienes Personales 2025 (valuación al 31/12/2025),2026-08-18
TLCF,TELECOM ARGENTINA S.A.,30639453738,OBLIGACIONES NEGOCIABLES,ARCA Bienes Personales 2025 (valuación al 31/12/2025),2026-08-18
TLCM,TELECOM ARGENTINA S. A.,30639453738,OBLIGACIONES NEGOCIABLES,ARCA Bienes Personales 2025 (valuación al 31/12/2025),2026-08-18
TLCO,TELECOM ARGENTINA S.A.,30639453738,OBLIGACIONES NEGOCIABLES,ARCA Bienes Personales 2025 (valuación al 31/12/2025),2026-08-18
TLCP,TELECOM ARGENTINA S.A.,30639453738,OBLIGACIONES NEGOCIABLES,ARCA Bienes Personales 2025 (valuación al 31/12/2025),2026-08-18
TLCQ,TELECOM ARGENTINA S.A.,30639453738,OBLIGACIONES NEGOCIABLES,ARCA Bienes Personales 2025 (valuación al 31/12/2025),2026-08-18
TSC3,TRANSPORTADORA DE GAS DEL SUR S.A.,30657862068,OBLIGACIONES NEGOCIABLES,ARCA Bienes Personales 2025 (valuación al 31/12/2025),2026-08-18
TSC4,TRANSPORTADORA GAS DEL SUR S.A.,30657862068,OBLIGACIONES NEGOCIABLES,ARCA Bienes Personales 2025 (valuación al 31/12/2025),2026-08-18
TTC8,TECPETROL S.A.,30592665472,OBLIGACIONES NEGOCIABLES,ARCA Bienes Personales 2025 (valuación al 31/12/2025),2026-08-18
TTC9,TECPETROL S.A.,30592665472,OBLIGACIONES NEGOCIABLES,ARCA Bienes Personales 2025 (valuación al 31/12/2025),2026-08-18
TTCA,TECPETROL S.A.,30592665472,OBLIGACIONES NEGOCIABLES,ARCA Bienes Personales 2025 (valuación al 31/12/2025),2026-08-18
TTCB,TECPETROL S.A.,30592665472,OBLIGACIONES NEGOCIABLES,ARCA Bienes Personales 2025 (valuación al 31/12/2025),2026-08-18
TTCD,TECPETROL S.A.,30592665472,OBLIGACIONES NEGOCIABLES,ARCA Bienes Personales 2025 (valuación al 31/12/2025),2026-08-18
VAC3P,VITALCAN S.A,30713322705,OBLIGACIONES NEGOCIABLES PYMES,ARCA Bienes Personales 2025 (valuación al 31/12/2025),2026-08-18
VBC1,BANCO DE VALORES S.A.,30576124275,OBLIGACIONES NEGOCIABLES,ARCA Bienes Personales 2025 (valuación al 31/12/2025),2026-08-18
VBC2,BANCO DE VALORES S.A.,30576124275,OBLIGACIONES NEGOCIABLES,ARCA Bienes Personales 2025 (valuación al 31/12/2025),2026-08-18
VS1V,VISTA ENERGY ARGENTINA S.A.U.,33515950899,OBLIGACIONES NEGOCIABLES,ARCA Bienes Personales 2025 (valuación al 31/12/2025),2026-08-18
VSCI,VISTA OIL & GAS ARGENTINA S.A.U.,33515950899,OBLIGACIONES NEGOCIABLES,ARCA Bienes Personales 2025 (valuación al 31/12/2025),2026-08-18
VSCJ,VISTA OIL & GAS ARGENTINA S.A.U.,33515950899,OBLIGACIONES NEGOCIABLES,ARCA Bienes Personales 2025 (valuación al 31/12/2025),2026-08-18
VSCK,VISTA OIL & GAS ARGENTINA S.A.U.,33515950899,OBLIGACIONES NEGOCIABLES,ARCA Bienes Personales 2025 (valuación al 31/12/2025),2026-08-18
VSCO,VISTA OIL & GAS ARGENTINA S.A.U.,33515950899,OBLIGACIONES NEGOCIABLES,ARCA Bienes Personales 2025 (valuación al 31/12/2025),2026-08-18
VSCP,VISTA OIL & GAS ARGENTINA S.A.U.,33515950899,OBLIGACIONES NEGOCIABLES,ARCA Bienes Personales 2025 (valuación al 31/12/2025),2026-08-18
VSCQ,VISTA OIL & GAS ARGENTINA S.A.U.,33515950899,OBLIGACIONES NEGOCIABLES,ARCA Bienes Personales 2025 (valuación al 31/12/2025),2026-08-18
VSCR,VISTA OIL & GAS ARGENTINA S.A.U.,33515950899,OBLIGACIONES NEGOCIABLES,ARCA Bienes Personales 2025 (valuación al 31/12/2025),2026-08-18
VSCT,VISTA ENERGY ARGENTINA S.A.U.,33515950899,OBLIGACIONES NEGOCIABLES,ARCA Bienes Personales 2025 (valuación al 31/12/2025),2026-08-18
VSCU,VISTA OIL & GAS ARGENTINA S.A.U.,33515950899,OBLIGACIONES NEGOCIABLES,ARCA Bienes Personales 2025 (valuación al 31/12/2025),2026-08-18
VSCV,VISTA ENERGY ARGENTINA S.A.U.,33515950899,OBLIGACIONES NEGOCIABLES,ARCA Bienes Personales 2025 (valuación al 31/12/2025),2026-08-18
VSCW,VISTA OIL & GAS ARGENTINA S.A.U.,33515950899,OBLIGACIONES NEGOCIABLES,ARCA Bienes Personales 2025 (valuación al 31/12/2025),2026-08-18
WBS1,BANCO MARIVA S.A.,30516420444,OBLIGACIONES NEGOCIABLES,ARCA Bienes Personales 2025 (valuación al 31/12/2025),2026-08-18
XMC1,MINERA EXAR S.A.,30709667587,OBLIGACIONES NEGOCIABLES,ARCA Bienes Personales 2025 (valuación al 31/12/2025),2026-08-18
YCAM,YPF S.A.,30546689979,OBLIGACIONES NEGOCIABLES,ARCA Bienes Personales 2025 (valuación al 31/12/2025),2026-08-18
YFCD,YPF ENERGIA ELECTRICA S.A.,30714128309,OBLIGACIONES NEGOCIABLES,ARCA Bienes Personales 2025 (valuación al 31/12/2025),2026-08-18
YFCG,YPF ENERGIA ELECTRICA S.A.,30714128309,OBLIGACIONES NEGOCIABLES,ARCA Bienes Personales 2025 (valuación al 31/12/2025),2026-08-18
YFCI,YPF ENERGIA ELECTRICA S.A.,30714128309,OBLIGACIONES NEGOCIABLES,ARCA Bienes Personales 2025 (valuación al 31/12/2025),2026-08-18
YFCJ,YPF ENERGIA ELECTRICA S.A.,30714128309,OBLIGACIONES NEGOCIABLES,ARCA Bienes Personales 2025 (valuación al 31/12/2025),2026-08-18
YFCK,YPF ENERGIA ELECTRICA S.A.,30714128309,OBLIGACIONES NEGOCIABLES,ARCA Bienes Personales 2025 (valuación al 31/12/2025),2026-08-18
YFCL,YPF ENERGIA ELECTRICA S.A.,30714128309,OBLIGACIONES NEGOCIABLES,ARCA Bienes Personales 2025 (valuación al 31/12/2025),2026-08-18
YFCM,YPF ENERGIA ELECTRICA S.A.,30714128309,OBLIGACIONES NEGOCIABLES,ARCA Bienes Personales 2025 (valuación al 31/12/2025),2026-08-18
YFCN,YPF ENERGIA ELECTRICA S.A.,30714128309,OBLIGACIONES NEGOCIABLES,ARCA Bienes Personales 2025 (valuación al 31/12/2025),2026-08-18
YFCO,YPF ENERGIA ELECTRICA S.A.,30714128309,OBLIGACIONES NEGOCIABLES,ARCA Bienes Personales 2025 (valuación al 31/12/2025),2026-08-18
YM1X,YPF S.A.,30546689979,OBLIGACIONES NEGOCIABLES,ARCA Bienes Personales 2025 (valuación al 31/12/2025),2026-08-18
YM34,YPF S.A.,30546689979,OBLIGACIONES NEGOCIABLES,ARCA Bienes Personales 2025 (valuación al 31/12/2025),2026-08-18
YM35,YPF S.A.,30546689979,OBLIGACIONES NEGOCIABLES,ARCA Bienes Personales 2025 (valuación al 31/12/2025),2026-08-18
YM37,YPF S.A.,30546689979,OBLIGACIONES NEGOCIABLES,ARCA Bienes Personales 2025 (valuación al 31/12/2025),2026-08-18
YM38,YPF S.A.,30546689979,OBLIGACIONES NEGOCIABLES,ARCA Bienes Personales 2025 (valuación al 31/12/2025),2026-08-18
YM39,YPF S.A.,30546689979,OBLIGACIONES NEGOCIABLES,ARCA Bienes Personales 2025 (valuación al 31/12/2025),2026-08-18
YM40,YPF S.A.,30546689979,OBLIGACIONES NEGOCIABLES,ARCA Bienes Personales 2025 (valuación al 31/12/2025),2026-08-18
YM41,YPF S.A.,30546689979,OBLIGACIONES NEGOCIABLES,ARCA Bienes Personales 2025 (valuación al 31/12/2025),2026-08-18
YM42,YPF S.A.,30546689979,OBLIGACIONES NEGOCIABLES,ARCA Bienes Personales 2025 (valuación al 31/12/2025),2026-08-18
YMC1,YPF S.A.,30546689979,OBLIGACIONES NEGOCIABLES,ARCA Bienes Personales 2025 (valuación al 31/12/2025),2026-08-18
YMCI,YPF S.A.,30546689979,OBLIGACIONES NEGOCIABLES,ARCA Bienes Personales 2025 (valuación al 31/12/2025),2026-08-18
YMCJ,YPF S.A.,30546689979,OBLIGACIONES NEGOCIABLES,ARCA Bienes Personales 2025 (valuación al 31/12/2025),2026-08-18
YMCP,YPF S.A.,30546689979,OBLIGACIONES NEGOCIABLES,ARCA Bienes Personales 2025 (valuación al 31/12/2025),2026-08-18
YMCR,YPF S.A.,30546689979,OBLIGACIONES NEGOCIABLES,ARCA Bienes Personales 2025 (valuación al 31/12/2025),2026-08-18
YMCT,YPF S.A.,30546689979,OBLIGACIONES NEGOCIABLES,ARCA Bienes Personales 2025 (valuación al 31/12/2025),2026-08-18
YMCX,YPF S.A.,30546689979,OBLIGACIONES NEGOCIABLES,ARCA Bienes Personales 2025 (valuación al 31/12/2025),2026-08-18
YMCY,YPF S.A.,30546689979,OBLIGACIONES NEGOCIABLES,ARCA Bienes Personales 2025 (valuación al 31/12/2025),2026-08-18
YMCZ,YPF S.A.,30546689979,OBLIGACIONES NEGOCIABLES,ARCA Bienes Personales 2025 (valuación al 31/12/2025),2026-08-18
ZPC1,PLAZA LOGISTICA S.R.L.,30655942382,OBLIGACIONES NEGOCIABLES,ARCA Bienes Personales 2025 (valuación al 31/12/2025),2026-08-18
ZPC2,PLAZA LOGISTICA S.R.L.,30655942382,OBLIGACIONES NEGOCIABLES,ARCA Bienes Personales 2025 (valuación al 31/12/2025),2026-08-18
ZPC3,PLAZA LOGISTICA S.R.L.,30655942382,OBLIGACIONES NEGOCIABLES,ARCA Bienes Personales 2025 (valuación al 31/12/2025),2026-08-18
ZZC1,CAMUZZI GAS PAMPEANA S.A.,30657864281,OBLIGACIONES NEGOCIABLES,ARCA Bienes Personales 2025 (valuación al 31/12/2025),2026-08-18
