raiz_emision,motivo
AFCJ,"sin código en ARCA (nuestras especies: ['AFCJC', 'AFCJD', 'AFCJO']) — esperable si la emisión empezó a cotizar después del 31/12/2025"
AFCK,"sin código en ARCA (nuestras especies: ['AFCKC', 'AFCKD', 'AFCKO']) — esperable si la emisión empezó a cotizar después del 31/12/2025"
AFCL,"sin código en ARCA (nuestras especies: ['AFCLC', 'AFCLD', 'AFCLO']) — esperable si la emisión empezó a cotizar después del 31/12/2025"
AFCM,"sin código en ARCA (nuestras especies: ['AFCMD', 'AFCMO']) — esperable si la emisión empezó a cotizar después del 31/12/2025"
AFCN,sin código en ARCA (nuestras especies: ['AFCNO']) — esperable si la emisión empezó a cotizar después del 31/12/2025
AFCP,"sin código en ARCA (nuestras especies: ['AFCPC', 'AFCPD', 'AFCPO']) — esperable si la emisión empezó a cotizar después del 31/12/2025"
AFCQ,"sin código en ARCA (nuestras especies: ['AFCQD', 'AFCQO']) — esperable si la emisión empezó a cotizar después del 31/12/2025"
AUS1L,sin código en ARCA (nuestras especies: ['AUS1L']) — esperable si la emisión empezó a cotizar después del 31/12/2025
AXS1M,sin código en ARCA (nuestras especies: ['AXS1M']) — esperable si la emisión empezó a cotizar después del 31/12/2025
BACH,"sin código en ARCA (nuestras especies: ['BACHC', 'BACHD', 'BACHO']) — esperable si la emisión empezó a cotizar después del 31/12/2025"
BAF27,sin código en ARCA (nuestras especies: ['BAF27']) — esperable si la emisión empezó a cotizar después del 31/12/2025
BF38,sin código en ARCA (nuestras especies: ['BF38O']) — esperable si la emisión empezó a cotizar después del 31/12/2025
BF40,"sin código en ARCA (nuestras especies: ['BF40C', 'BF40D', 'BF40O']) — esperable si la emisión empezó a cotizar después del 31/12/2025"
BF41,sin código en ARCA (nuestras especies: ['BF41O']) — esperable si la emisión empezó a cotizar después del 31/12/2025
BF44,"sin código en ARCA (nuestras especies: ['BF44C', 'BF44D', 'BF44O']) — esperable si la emisión empezó a cotizar después del 31/12/2025"
BF45,"sin código en ARCA (nuestras especies: ['BF45C', 'BF45D', 'BF45O']) — esperable si la emisión empezó a cotizar después del 31/12/2025"
BF46,"sin código en ARCA (nuestras especies: ['BF46C', 'BF46D', 'BF46O']) — esperable si la emisión empezó a cotizar después del 31/12/2025"
BF47,"sin código en ARCA (nuestras especies: ['BF47C', 'BF47D', 'BF47O']) — esperable si la emisión empezó a cotizar después del 31/12/2025"
BF48,sin código en ARCA (nuestras especies: ['BF48C']) — esperable si la emisión empezó a cotizar después del 31/12/2025
BF49,"sin código en ARCA (nuestras especies: ['BF49D', 'BF49O']) — esperable si la emisión empezó a cotizar después del 31/12/2025"
BF50,"sin código en ARCA (nuestras especies: ['BF50D', 'BF50O']) — esperable si la emisión empezó a cotizar después del 31/12/2025"
BNCX,"sin código en ARCA (nuestras especies: ['BNCXC', 'BNCXD', 'BNCXO']) — esperable si la emisión empezó a cotizar después del 31/12/2025"
BPCV,"sin código en ARCA (nuestras especies: ['BPCVC', 'BPCVD', 'BPCVO']) — esperable si la emisión empezó a cotizar después del 31/12/2025"
BPOA8,sin código en ARCA (nuestras especies: ['BPOA8']) — esperable si la emisión empezó a cotizar después del 31/12/2025
BVCR,"sin código en ARCA (nuestras especies: ['BVCRC', 'BVCRD', 'BVCRO']) — esperable si la emisión empezó a cotizar después del 31/12/2025"
BVCT,sin código en ARCA (nuestras especies: ['BVCTO']) — esperable si la emisión empezó a cotizar después del 31/12/2025
BVCU,"sin código en ARCA (nuestras especies: ['BVCUC', 'BVCUD', 'BVCUO']) — esperable si la emisión empezó a cotizar después del 31/12/2025"
BVCV,"sin código en ARCA (nuestras especies: ['BVCVC', 'BVCVD', 'BVCVO']) — esperable si la emisión empezó a cotizar después del 31/12/2025"
BYY1,"sin código en ARCA (nuestras especies: ['BYY1C', 'BYY1O']) — esperable si la emisión empezó a cotizar después del 31/12/2025"
BYY2,"sin código en ARCA (nuestras especies: ['BYY2C', 'BYY2D', 'BYY2O']) — esperable si la emisión empezó a cotizar después del 31/12/2025"
BYY3,"sin código en ARCA (nuestras especies: ['BYY3C', 'BYY3D']) — esperable si la emisión empezó a cotizar después del 31/12/2025"
CFS9,"sin código en ARCA (nuestras especies: ['CFS9C', 'CFS9D', 'CFS9O']) — esperable si la emisión empezó a cotizar después del 31/12/2025"
CICB,"sin código en ARCA (nuestras especies: ['CICBC', 'CICBD', 'CICBO']) — esperable si la emisión empezó a cotizar después del 31/12/2025"
CP32,"ARCA trae la raíz con otro sufijo de liquidación (nuestras especies: ['CP32C']) — CP32O -> CUIT 30506733932 ('CIA GENERAL DE COMBUSTIBLES S.A.', 'ON CIA GEN.COMB. CL.32 V09/12/25 US CG')"
CP39,"sin código en ARCA (nuestras especies: ['CP39C', 'CP39D', 'CP39O']) — esperable si la emisión empezó a cotizar después del 31/12/2025"
CP40,"sin código en ARCA (nuestras especies: ['CP40C', 'CP40D', 'CP40O']) — esperable si la emisión empezó a cotizar después del 31/12/2025"
CS51,"sin código en ARCA (nuestras especies: ['CS51C', 'CS51D', 'CS51O']) — esperable si la emisión empezó a cotizar después del 31/12/2025"
CS52,"sin código en ARCA (nuestras especies: ['CS52C', 'CS52D', 'CS52O']) — esperable si la emisión empezó a cotizar después del 31/12/2025"
CS53,"sin código en ARCA (nuestras especies: ['CS53C', 'CS53D', 'CS53O']) — esperable si la emisión empezó a cotizar después del 31/12/2025"
CVS3V,sin código en ARCA (nuestras especies: ['CVS3V']) — esperable si la emisión empezó a cotizar después del 31/12/2025
CVS4V,sin código en ARCA (nuestras especies: ['CVS4V']) — esperable si la emisión empezó a cotizar después del 31/12/2025
DEC3,sin código en ARCA (nuestras especies: ['DEC3O']) — esperable si la emisión empezó a cotizar después del 31/12/2025
DEC4,"sin código en ARCA (nuestras especies: ['DEC4D', 'DEC4O']) — esperable si la emisión empezó a cotizar después del 31/12/2025"
DHSG,sin código en ARCA (nuestras especies: ['DHSGO']) — esperable si la emisión empezó a cotizar después del 31/12/2025
DHSK,"sin código en ARCA (nuestras especies: ['DHSKD', 'DHSKO']) — esperable si la emisión empezó a cotizar después del 31/12/2025"
DNCA,"sin código en ARCA (nuestras especies: ['DNCAC', 'DNCAD', 'DNCAO']) — esperable si la emisión empezó a cotizar después del 31/12/2025"
DNCB,"sin código en ARCA (nuestras especies: ['DNCBC', 'DNCBD', 'DNCBO']) — esperable si la emisión empezó a cotizar después del 31/12/2025"
EAC4,"sin código en ARCA (nuestras especies: ['EAC4C', 'EAC4D', 'EAC4O']) — esperable si la emisión empezó a cotizar después del 31/12/2025"
FO4A,"sin código en ARCA (nuestras especies: ['FO4AC', 'FO4AD', 'FO4AO']) — esperable si la emisión empezó a cotizar después del 31/12/2025"
FYC1,"sin código en ARCA (nuestras especies: ['FYC1C', 'FYC1D', 'FYC1O']) — esperable si la emisión empezó a cotizar después del 31/12/2025"
GPS1M,sin código en ARCA (nuestras especies: ['GPS1M']) — esperable si la emisión empezó a cotizar después del 31/12/2025
HBCE,"sin código en ARCA (nuestras especies: ['HBCEC', 'HBCED', 'HBCEO']) — esperable si la emisión empezó a cotizar después del 31/12/2025"
HBCF,"sin código en ARCA (nuestras especies: ['HBCFC', 'HBCFD', 'HBCFO']) — esperable si la emisión empezó a cotizar después del 31/12/2025"
HJCK,"sin código en ARCA (nuestras especies: ['HJCKC', 'HJCKD', 'HJCKO']) — esperable si la emisión empezó a cotizar después del 31/12/2025"
HJCL,"sin código en ARCA (nuestras especies: ['HJCLC', 'HJCLD', 'HJCLO']) — esperable si la emisión empezó a cotizar después del 31/12/2025"
ICC6,"sin código en ARCA (nuestras especies: ['ICC6C', 'ICC6D', 'ICC6O']) — esperable si la emisión empezó a cotizar después del 31/12/2025"
IRCQ,"sin código en ARCA (nuestras especies: ['IRCQC', 'IRCQD', 'IRCQO']) — esperable si la emisión empezó a cotizar después del 31/12/2025"
JNC7,"sin código en ARCA (nuestras especies: ['JNC7C', 'JNC7D', 'JNC7O']) — esperable si la emisión empezó a cotizar después del 31/12/2025"
LOC6,"sin código en ARCA (nuestras especies: ['LOC6C', 'LOC6D', 'LOC6O']) — esperable si la emisión empezó a cotizar después del 31/12/2025"
LQC1,"sin código en ARCA (nuestras especies: ['LQC1C', 'LQC1D', 'LQC1O']) — esperable si la emisión empezó a cotizar después del 31/12/2025"
LR7B,sin código en ARCA (nuestras especies: ['LR7BO']) — esperable si la emisión empezó a cotizar después del 31/12/2025
LUC5,"sin código en ARCA (nuestras especies: ['LUC5D', 'LUC5O']) — esperable si la emisión empezó a cotizar después del 31/12/2025"
MCC3,"sin código en ARCA (nuestras especies: ['MCC3C', 'MCC3D', 'MCC3O']) — esperable si la emisión empezó a cotizar después del 31/12/2025"
MGC9,"ARCA trae la raíz con otro sufijo de liquidación (nuestras especies: ['MGC9C']) — MGC9O -> CUIT 30526552659 ('PAMPA ENERGIA S.A.', 'ON PAMPA ENERGIA SA REGS 9.5% V08/12/26')"
MGCT,"sin código en ARCA (nuestras especies: ['MGCTC', 'MGCTD', 'MGCTO']) — esperable si la emisión empezó a cotizar después del 31/12/2025"
MIC4,"sin código en ARCA (nuestras especies: ['MIC4C', 'MIC4D', 'MIC4O']) — esperable si la emisión empezó a cotizar después del 31/12/2025"
MIC6,"sin código en ARCA (nuestras especies: ['MIC6C', 'MIC6D', 'MIC6O']) — esperable si la emisión empezó a cotizar después del 31/12/2025"
MJC1,"sin código en ARCA (nuestras especies: ['MJC1C', 'MJC1D', 'MJC1O']) — esperable si la emisión empezó a cotizar después del 31/12/2025"
MR43,"sin código en ARCA (nuestras especies: ['MR43D', 'MR43O']) — esperable si la emisión empezó a cotizar después del 31/12/2025"
MR44,"sin código en ARCA (nuestras especies: ['MR44C', 'MR44D', 'MR44O']) — esperable si la emisión empezó a cotizar después del 31/12/2025"
MR46,"sin código en ARCA (nuestras especies: ['MR46C', 'MR46D', 'MR46O']) — esperable si la emisión empezó a cotizar después del 31/12/2025"
MR47,"sin código en ARCA (nuestras especies: ['MR47C', 'MR47D', 'MR47O']) — esperable si la emisión empezó a cotizar después del 31/12/2025"
MR48,"sin código en ARCA (nuestras especies: ['MR48C', 'MR48D', 'MR48O']) — esperable si la emisión empezó a cotizar después del 31/12/2025"
MR49,"sin código en ARCA (nuestras especies: ['MR49C', 'MR49D', 'MR49O']) — esperable si la emisión empezó a cotizar después del 31/12/2025"
MR50,"sin código en ARCA (nuestras especies: ['MR50C', 'MR50D', 'MR50O']) — esperable si la emisión empezó a cotizar después del 31/12/2025"
MTC2,"sin código en ARCA (nuestras especies: ['MTC2C', 'MTC2D', 'MTC2O']) — esperable si la emisión empezó a cotizar después del 31/12/2025"
MTC3,sin código en ARCA (nuestras especies: ['MTC3O']) — esperable si la emisión empezó a cotizar después del 31/12/2025
MUC4,sin código en ARCA (nuestras especies: ['MUC4D']) — esperable si la emisión empezó a cotizar después del 31/12/2025
NLCJ,sin código en ARCA (nuestras especies: ['NLCJO']) — esperable si la emisión empezó a cotizar después del 31/12/2025
NPCD,"sin código en ARCA (nuestras especies: ['NPCDC', 'NPCDD', 'NPCDO']) — esperable si la emisión empezó a cotizar después del 31/12/2025"
NPCE,"sin código en ARCA (nuestras especies: ['NPCEC', 'NPCED', 'NPCEO']) — esperable si la emisión empezó a cotizar después del 31/12/2025"
NZC5,"sin código en ARCA (nuestras especies: ['NZC5C', 'NZC5D', 'NZC5O']) — esperable si la emisión empezó a cotizar después del 31/12/2025"
OLC7,"sin código en ARCA (nuestras especies: ['OLC7C', 'OLC7D', 'OLC7O']) — esperable si la emisión empezó a cotizar después del 31/12/2025"
OTS6,"sin código en ARCA (nuestras especies: ['OTS6C', 'OTS6D', 'OTS6O']) — esperable si la emisión empezó a cotizar después del 31/12/2025"
PECA,"ARCA trae la raíz con otro sufijo de liquidación (nuestras especies: ['PECAD']) — PECAO -> CUIT 30714814229 ('PETROLERA ACONCAGUA ENERGIA S.A.', 'ON PETRO.ACON.CL.10 V.28/02/27 US CG')"
PECJ,sin código en ARCA (nuestras especies: ['PECJO']) — esperable si la emisión empezó a cotizar después del 31/12/2025
PFC3,"sin código en ARCA (nuestras especies: ['PFC3D', 'PFC3O']) — esperable si la emisión empezó a cotizar después del 31/12/2025"
PHC4,"sin código en ARCA (nuestras especies: ['PHC4D', 'PHC4O']) — esperable si la emisión empezó a cotizar después del 31/12/2025"
PLC6,"sin código en ARCA (nuestras especies: ['PLC6C', 'PLC6D', 'PLC6O']) — esperable si la emisión empezó a cotizar después del 31/12/2025"
PLC7,"sin código en ARCA (nuestras especies: ['PLC7C', 'PLC7D', 'PLC7O']) — esperable si la emisión empezó a cotizar después del 31/12/2025"
PN43,"sin código en ARCA (nuestras especies: ['PN43C', 'PN43D', 'PN43O']) — esperable si la emisión empezó a cotizar después del 31/12/2025"
PS37,"sin código en ARCA (nuestras especies: ['PS37C', 'PS37D', 'PS37O']) — esperable si la emisión empezó a cotizar después del 31/12/2025"
PS38,"sin código en ARCA (nuestras especies: ['PS38C', 'PS38D', 'PS38O']) — esperable si la emisión empezó a cotizar después del 31/12/2025"
PVC3,"sin código en ARCA (nuestras especies: ['PVC3C', 'PVC3D', 'PVC3O']) — esperable si la emisión empezó a cotizar después del 31/12/2025"
PVC4,sin código en ARCA (nuestras especies: ['PVC4O']) — esperable si la emisión empezó a cotizar después del 31/12/2025
RC4C,"sin código en ARCA (nuestras especies: ['RC4CC', 'RC4CD', 'RC4CO']) — esperable si la emisión empezó a cotizar después del 31/12/2025"
RC5C,"sin código en ARCA (nuestras especies: ['RC5CC', 'RC5CD', 'RC5CO']) — esperable si la emisión empezó a cotizar después del 31/12/2025"
RC6C,"sin código en ARCA (nuestras especies: ['RC6CC', 'RC6CD', 'RC6CO']) — esperable si la emisión empezó a cotizar después del 31/12/2025"
RDS1L,sin código en ARCA (nuestras especies: ['RDS1L']) — esperable si la emisión empezó a cotizar después del 31/12/2025
RUCE,"sin código en ARCA (nuestras especies: ['RUCEC', 'RUCED', 'RUCEO']) — esperable si la emisión empezó a cotizar después del 31/12/2025"
RZBA,"sin código en ARCA (nuestras especies: ['RZBAC', 'RZBAD', 'RZBAO']) — esperable si la emisión empezó a cotizar después del 31/12/2025"
RZBB,"sin código en ARCA (nuestras especies: ['RZBBC', 'RZBBD', 'RZBBO']) — esperable si la emisión empezó a cotizar después del 31/12/2025"
RZBC,"sin código en ARCA (nuestras especies: ['RZBCC', 'RZBCD', 'RZBCO']) — esperable si la emisión empezó a cotizar después del 31/12/2025"
SBC2,"sin código en ARCA (nuestras especies: ['SBC2C', 'SBC2D', 'SBC2O']) — esperable si la emisión empezó a cotizar después del 31/12/2025"
SBC3,"sin código en ARCA (nuestras especies: ['SBC3C', 'SBC3D', 'SBC3O']) — esperable si la emisión empezó a cotizar después del 31/12/2025"
SIC2,"sin código en ARCA (nuestras especies: ['SIC2C', 'SIC2D', 'SIC2O']) — esperable si la emisión empezó a cotizar después del 31/12/2025"
SNEA,"sin código en ARCA (nuestras especies: ['SNEAC', 'SNEAD', 'SNEAO']) — esperable si la emisión empezó a cotizar después del 31/12/2025"
SNEB,"sin código en ARCA (nuestras especies: ['SNEBC', 'SNEBD', 'SNEBO']) — esperable si la emisión empezó a cotizar después del 31/12/2025"
STCF,"sin código en ARCA (nuestras especies: ['STCFC', 'STCFD', 'STCFO']) — esperable si la emisión empezó a cotizar después del 31/12/2025"
STCG,"sin código en ARCA (nuestras especies: ['STCGC', 'STCGD', 'STCGO']) — esperable si la emisión empezó a cotizar después del 31/12/2025"
STCH,"sin código en ARCA (nuestras especies: ['STCHC', 'STCHD', 'STCHO']) — esperable si la emisión empezó a cotizar después del 31/12/2025"
SXC3,"sin código en ARCA (nuestras especies: ['SXC3C', 'SXC3D', 'SXC3O']) — esperable si la emisión empezó a cotizar después del 31/12/2025"
SXC4,"sin código en ARCA (nuestras especies: ['SXC4C', 'SXC4D', 'SXC4O']) — esperable si la emisión empezó a cotizar después del 31/12/2025"
SXC5,sin código en ARCA (nuestras especies: ['SXC5O']) — esperable si la emisión empezó a cotizar después del 31/12/2025
SXC6,"sin código en ARCA (nuestras especies: ['SXC6C', 'SXC6O']) — esperable si la emisión empezó a cotizar después del 31/12/2025"
T671,"sin código en ARCA (nuestras especies: ['T671C', 'T671D', 'T671O']) — esperable si la emisión empezó a cotizar después del 31/12/2025"
T672,"sin código en ARCA (nuestras especies: ['T672C', 'T672D', 'T672O']) — esperable si la emisión empezó a cotizar después del 31/12/2025"
T673,"sin código en ARCA (nuestras especies: ['T673C', 'T673D', 'T673O']) — esperable si la emisión empezó a cotizar después del 31/12/2025"
TLCT,"sin código en ARCA (nuestras especies: ['TLCTC', 'TLCTD', 'TLCTO']) — esperable si la emisión empezó a cotizar después del 31/12/2025"
TLCU,"sin código en ARCA (nuestras especies: ['TLCUC', 'TLCUD', 'TLCUO']) — esperable si la emisión empezó a cotizar después del 31/12/2025"
TLCV,"sin código en ARCA (nuestras especies: ['TLCVC', 'TLCVD', 'TLCVO']) — esperable si la emisión empezó a cotizar después del 31/12/2025"
TLCW,"sin código en ARCA (nuestras especies: ['TLCWC', 'TLCWD', 'TLCWO']) — esperable si la emisión empezó a cotizar después del 31/12/2025"
TTCE,"sin código en ARCA (nuestras especies: ['TTCEC', 'TTCED', 'TTCEO']) — esperable si la emisión empezó a cotizar después del 31/12/2025"
TY34,sin código en ARCA (nuestras especies: ['TY34O']) — esperable si la emisión empezó a cotizar después del 31/12/2025
TY37,"sin código en ARCA (nuestras especies: ['TY37C', 'TY37D', 'TY37O']) — esperable si la emisión empezó a cotizar después del 31/12/2025"
TY38,"sin código en ARCA (nuestras especies: ['TY38C', 'TY38D', 'TY38O']) — esperable si la emisión empezó a cotizar después del 31/12/2025"
VBC3,sin código en ARCA (nuestras especies: ['VBC3O']) — esperable si la emisión empezó a cotizar después del 31/12/2025
VSCX,"sin código en ARCA (nuestras especies: ['VSCXC', 'VSCXD', 'VSCXO']) — esperable si la emisión empezó a cotizar después del 31/12/2025"
VSCY,"sin código en ARCA (nuestras especies: ['VSCYC', 'VSCYD', 'VSCYO']) — esperable si la emisión empezó a cotizar después del 31/12/2025"
VSCZ,"sin código en ARCA (nuestras especies: ['VSCZC', 'VSCZD', 'VSCZO']) — esperable si la emisión empezó a cotizar después del 31/12/2025"
VWCD,sin código en ARCA (nuestras especies: ['VWCDO']) — esperable si la emisión empezó a cotizar después del 31/12/2025
VWCG,sin código en ARCA (nuestras especies: ['VWCGO']) — esperable si la emisión empezó a cotizar después del 31/12/2025
VWCH,sin código en ARCA (nuestras especies: ['VWCHO']) — esperable si la emisión empezó a cotizar después del 31/12/2025
WBS3,"sin código en ARCA (nuestras especies: ['WBS3C', 'WBS3D', 'WBS3O']) — esperable si la emisión empezó a cotizar después del 31/12/2025"
YFCF,sin código en ARCA (nuestras especies: ['YFCFO']) — esperable si la emisión empezó a cotizar después del 31/12/2025
YM43,"sin código en ARCA (nuestras especies: ['YM43C', 'YM43D', 'YM43O']) — esperable si la emisión empezó a cotizar después del 31/12/2025"
YMCU,sin código en ARCA (nuestras especies: ['YMCUO']) — esperable si la emisión empezó a cotizar después del 31/12/2025
YPC4,sin código en ARCA (nuestras especies: ['YPC4O']) — esperable si la emisión empezó a cotizar después del 31/12/2025
YSS2L,sin código en ARCA (nuestras especies: ['YSS2L']) — esperable si la emisión empezó a cotizar después del 31/12/2025
ZPC5,"sin código en ARCA (nuestras especies: ['ZPC5C', 'ZPC5D', 'ZPC5O']) — esperable si la emisión empezó a cotizar después del 31/12/2025"
