codigo_cnv,id_detalle_cnv,denominacion_cnv,verificado_por,curado_en
1,63278,Fondo Común de Inversión DELVAL,nombre,2026-08-24
1000,63957,Premier Performance Dólares,nombre,2026-08-24
1001,63958,Premier Global Dólares,nombre,2026-08-24
1005,63970,ALAMERICA RENTA FIJA ARGENTINA FCI,nombre,2026-08-24
1007,63972,CYC RENTA MIXTA,nombre,2026-08-24
1009,63966,COMPASS AHORRO EN DÓLARES FCI,nombre,2026-08-24
1010,63967,COMPASS BEST IDEAS FCI,nombre,2026-08-24
1011,63985,MAF Global FCI,nombre,2026-08-24
1012,63980,PIONERO RENTA ESTRATEGICO FONDO COMUN DE INVERSION,nombre,2026-08-24
1014,63982,PIONERO ARGENTINA BICENTENARIO FONDO COMUN DE INVE,nombre,2026-08-24
1016,63994,INTERVALORES DÓLAR TOTAL RETURN FCI,nombre,2026-08-24
1017,63989,FCI ABIERTO PYMES POTENCIA PYME,nombre,2026-08-24
1019,81665,FIRST CRECIMIENTO FCI,nombre,2026-08-24
1020,81666,FIRST RENTA MIXTA I FCI,nombre,2026-08-24
1021,81667,FIRST RENTA MIXTA II FCI,nombre,2026-08-24
1022,63993,FCI Intervalores Ahorro,nombre,2026-08-24
1024,63992,ZOFINGEN RENTA FIJA DÓLAR,nombre,2026-08-24
1025,63977,Cohen Renta Fija Dolares,nombre,2026-08-24
1026,63983,CONSULTATIO GESTIÓN I FCI,nombre,2026-08-24
1027,63984,CONSULTATIO GESTIÓN II FCI,nombre,2026-08-24
1028,64003,SCHRODER INCOME F.C.I.,nombre,2026-08-24
1029,63976,FCI ZOFINGEN PESOS 24,nombre,2026-08-24
103,63256,FIMA RENTA PLUS Ex FIMA MIX,nombre_sin_ex,2026-08-24
1030,63978,Fundcorp Long Performance Plus,nombre,2026-08-24
1031,63979,Fundcorp Long Performance,nombre,2026-08-24
1032,63986,JULIO A. ROCA VALORES NEGOCIABLES,nombre,2026-08-24
1033,63987,JULIO A. ROCA AHORRO PESOS,nombre,2026-08-24
1034,81616,FIRST AHORRO PESOS FCI,nombre,2026-08-24
1035,63997,FCI Integrae Renta Fija Crecimiento,nombre,2026-08-24
1037,81642,PELLEGRINI PROTECCIÓN FCI,nombre,2026-08-24
1039,64015,IAM PERFORMANCE AMÉRICAS FCI,nombre,2026-08-24
1041,63995,CICLO NOVA Ahorro Plus,nombre,2026-08-24
1042,63996,CICLO NOVA Retorno Total,nombre,2026-08-24
1043,64023,BALANZ LONG PESOS,nombre,2026-08-24
1044,64001,1810 RENTA MIXTA,nombre,2026-08-24
1045,64002,1810 AHORROS ACTIVOS,nombre,2026-08-24
1046,64000,1810 RENTA DÓLAR,nombre,2026-08-24
1048,64011,FBA COBERTURA PESOS,nombre,2026-08-24
1049,64012,FBA RENTA FIJA DÓLAR I Fondo Común de Inversión,nombre,2026-08-24
105,63255,FIMA PB ACCIONES,nombre,2026-08-24
1050,64013,FBA RENTA FIJA DÓLAR PLUS I Fondo Común de Inversión,nombre,2026-08-24
1051,64004,BULL MARKET RENTA FIJA FONDO COMUN DE INVERSION,nombre,2026-08-24
1052,64005,BULL MARKET ACCIONES ARGENTINAS FONDO COMUN DE INV,nombre,2026-08-24
1053,64007,Galileo Fixed Income,nombre,2026-08-24
1054,64008,Galileo Renta,nombre,2026-08-24
1055,64006,Galileo Pesos,nombre,2026-08-24
1057,64016,MEGAQM ESTRATEGIA 10,nombre,2026-08-24
1058,64014,MEGAQM ESTRATEGIA 1,nombre,2026-08-24
1059,64017,ALAMERICA RENTA FIJA DOLAR LATAM FCI,nombre,2026-08-24
1061,64019,MAF GESTIÓN ACTIVA II FCI,nombre,2026-08-24
1062,64020,MAF GESTIÓN ACTIVA III FCI,nombre,2026-08-24
1064,64024,FIMA Acciones Latinoamerica,nombre,2026-08-24
1065,64025,FIMA Renta Fija Internacional,nombre,2026-08-24
1066,81589,Argenfunds Retorno Absoluto F.C.I.,nombre,2026-08-24
1067,81156,Argenfunds Renta Variable F.C.I.,nombre,2026-08-24
1068,81157,Argenfunds Renta Mixta Plus F.C.I.,nombre,2026-08-24
1069,81075,CONSULTATIO GESTIÓN XII PESOS FCI,nombre,2026-08-24
107,63355,1822 RAICES VALORES NEGOCIABLES Ex PROVINCIA VALOR,nombre_sin_ex,2026-08-24
1071,81216,VALIANT RENTA VARIABLE FCI,nombre,2026-08-24
1072,81215,VALIANT RENTA FIJA FCI,nombre,2026-08-24
1073,81217,VALIANT TOTAL RETURN FCI,nombre,2026-08-24
1076,80535,SF VALUE,nombre,2026-08-24
1077,80536,Galileo Multimercado II,nombre,2026-08-24
1080,80499,MEGAQM GESTIÓN BALANCEADA DÓLARES,nombre,2026-08-24
1083,81100,MegaQM Ahorro Dólares,nombre,2026-08-24
1084,80634,MEGAQM LATAM CORPORATIVO,nombre,2026-08-24
1085,80939,COCOS RENDIMIENTO FCI,nombre,2026-08-24
1089,81507,Delta Gestion IX,nombre,2026-08-24
1090,81508,Delta Gestion X,nombre,2026-08-24
1092,83709,NUMANCIA PESOS,nombre,2026-08-24
1094,81088,ADCAP Cima Ahorro,nombre,2026-08-24
1095,81190,SBS PATRIMONIO III FCI,nombre,2026-08-24
1096,81191,SBS RENTA FIJA TOTAL FCI,nombre,2026-08-24
1097,81192,SBS PATRIMONIO II FCI,nombre,2026-08-24
1098,81213,VALIANT AHORRO FCI,nombre,2026-08-24
1100,81214,VALIANT RENTA FIJA DOLARES FCI,nombre,2026-08-24
1101,81181,CICLO NOVA Multiestrategia,nombre,2026-08-24
1102,81182,CICLO NOVA Value,nombre,2026-08-24
1103,81183,CICLO NOVA Renta Fija,nombre,2026-08-24
1104,81184,CICLO NOVA RENTA FIJA DOLAR,nombre,2026-08-24
1106,81208,Adcap Ahorro Pesos Fondo de Dinero,nombre,2026-08-24
1107,81653,SCHRODER RENTA PERFORMANCE F.C.I.,nombre,2026-08-24
111,63334,Alpha Ahorro Ex 1784 AHORRO PESOS,nombre_sin_ex,2026-08-24
1116,81500,FUNDCORP LIQUIDEZ,nombre,2026-08-24
1117,81645,MEGAQM ESTRATEGIA 2,nombre,2026-08-24
1118,81644,AXIS CAPITAL 1,nombre,2026-08-24
1119,81958,BALANZ PERFORMANCE I,nombre,2026-08-24
112,63335,Alpha Renta Fija Serie 1 Ex 1784 Renta Fija Serie,nombre_sin_ex,2026-08-24
1120,81959,BALANZ LECAPS,nombre,2026-08-24
1123,81962,BALANZ PERFORMANCE V,nombre,2026-08-24
1125,81659,CONSULTATIO INFRAESTRUCTURA FONDO COMÚN DE INVERSIÓN ABIERTO PARA EL FINANCIAMIENTO DE LA INFRAESTRUCTURA Y LA ECONOMÍA REAL,nombre,2026-08-24
1126,81844,CHAMPAQUI AHORRO PESOS,nombre,2026-08-24
1128,81846,CHAMPAQUI AHORRO MIXTO,nombre,2026-08-24
1129,81847,CHAMPAQUI COBERTURA,nombre,2026-08-24
113,63337,Alpha Planeamiento Conservador Ex Alpha Renta Fija,nombre_sin_ex,2026-08-24
1130,81848,CHAMPAQUI ESTRATÉGICO,nombre,2026-08-24
1133,81882,ALLARIA CAPITAL FCI,nombre,2026-08-24
1135,81712,Adcap Cobertura,nombre,2026-08-24
1138,81979,BM SMART MONEY MARKET FCI,nombre,2026-08-24
1139,82025,CHAMPAQUI FONDO INMEDIATO,nombre,2026-08-24
114,63336,Alpha Renta Fija Serie 6 Ex 1784 Renta Fija Serie,nombre_sin_ex,2026-08-24
1142,82313,CICLO NOVA Ahorro,nombre,2026-08-24
1143,82092,Compass Renta Plus II FCI,nombre,2026-08-24
1145,82305,FCI GALILEO BLEND,nombre,2026-08-24
1146,82306,Galileo Multimercado IV,nombre,2026-08-24
1147,82307,Galileo Multi-Strategy,nombre,2026-08-24
1148,82420,FIRST RENTA MIXTA III FCI,nombre,2026-08-24
1149,82421,FIRST RENTA MIXTA IV FCI,nombre,2026-08-24
1150,82422,FIRST RENTA MIXTA V FCI,nombre,2026-08-24
1151,82291,PIONERO RENTA DOLARES PLUS ex Goal Renta Dólares Plus,nombre_sin_ex,2026-08-24
1152,82276,BALANZ CAPITAL MONEY MARKET,nombre,2026-08-24
1153,82263,ALLARIA DINÁMICO FCI,nombre,2026-08-24
1156,82286,Vinci Compass Liquidez FCI,nombre,2026-08-24
1157,82414,OPTIMUM LIQUIDITY,nombre,2026-08-24
1159,82315,GAINVEST GLOBAL IV,nombre,2026-08-24
1160,82314,GAINVEST ESTRATEGIA IV,nombre,2026-08-24
1162,82345,PIONERO GESTION,nombre,2026-08-24
1163,82321,BM ACTIVE RENTA FIJA ARGENTINA FCI,nombre,2026-08-24
1165,82378,ALPHA RENTA CAPITAL DÓLAR,nombre,2026-08-24
1166,82379,ALPHA LATAM,nombre,2026-08-24
1168,82356,CICLO NOVA FONDO COMUN DE INVERSION ABIERTO PYME,nombre,2026-08-24
1169,83440,BM SMART CORTO PLAZO FCI,nombre,2026-08-24
1171,83449,NOVUS LIQUIDEZ PLUS,nombre,2026-08-24
1172,83448,NOVUS ESTRATEGIA,nombre,2026-08-24
1173,83450,NOVUS LIQUIDEZ FONDO DE DINERO,nombre,2026-08-24
1174,83451,NOVUS VALOR,nombre,2026-08-24
1175,82399,ALLARIA UNICRED EMPRESAS FCI,nombre,2026-08-24
1176,82400,ALLARIA PRINCIPAL FCI,nombre,2026-08-24
1177,82401,ALLARIA DOLAR CRECIMIENTO FCI,nombre,2026-08-24
1179,83518,CONSULTATIO GESTIÓN III FCI,nombre,2026-08-24
1180,83515,CONSULTATIO GESTIÓN IV FCI,nombre,2026-08-24
1181,83516,CONSULTATIO GESTIÓN V FCI,nombre,2026-08-24
1182,83512,PIONERO RENTA BALANCEADO,nombre,2026-08-24
1183,83513,PIONERO CAPITAL,nombre,2026-08-24
1184,83517,SMR FONDO COMUN DE INVERSION,nombre,2026-08-24
1185,83561,FIRST RENTA MIXTA VI FCI,nombre,2026-08-24
1186,83562,FIRST RENTA MIXTA VII FCI,nombre,2026-08-24
1187,83563,FIRST RENTA MIXTA VIII FCI,nombre,2026-08-24
1192,83583,FUNDCORP CAPITAL FCI ABIERTO PYMES,nombre,2026-08-24
1193,83647,PELLEGRINI RETORNO TOTAL FCI,nombre,2026-08-24
1194,83648,PELLEGRINI RENTA FIJA II FCI,nombre,2026-08-24
1195,83676,CONSULTATIO MULTIMERCADO I,nombre,2026-08-24
1196,83677,CONSULTATIO MULTIMERCADO II,nombre,2026-08-24
1198,83679,CONSULTATIO MULTIMERCADO IV,nombre,2026-08-24
120,63310,CONSULTATIO BALANCE FUND F.C.I. Ex CONSULTATIO BAL,nombre_sin_ex,2026-08-24
1201,84093,Ualintec Renta Fija Pesos,nombre,2026-08-24
1202,84094,Ualintec Ahorro Pesos,nombre,2026-08-24
1203,84095,Ualintec  Renta Variable Pesos,nombre,2026-08-24
1204,83621,ALLARIA PATRIMONIO II FCI,nombre,2026-08-24
1205,83622,ALLARIA UNICRED COBERTURA FCI,nombre,2026-08-24
1208,83627,Adcap Balanceado XI,nombre,2026-08-24
1209,83662,MEGAQM SUSTENTABLE ASG,nombre,2026-08-24
121,63268,Lombard Renta en Pesos F.C.I. Ex Fondo Nuevo Renta,nombre_sin_ex,2026-08-24
1212,83672,Balanz Capital Estrategia I USD,nombre,2026-08-24
1213,83673,Balanz Capital Estrategia II USD,nombre,2026-08-24
1215,83689,GAINVEST BALANCEADO II,nombre,2026-08-24
1216,83690,GAINVEST BALANCEADO III,nombre,2026-08-24
1220,83842,Schroder Renta Global Cuatro FC.I.,nombre,2026-08-24
1221,83843,Schroder Renta Global Cinco F.C.I.,nombre,2026-08-24
1225,83937,1822 RAICES GESTION,nombre,2026-08-24
1226,83938,1822 RAÍCES AHORRO PLUS,nombre,2026-08-24
1228,83845,Delta Gestión XI,nombre,2026-08-24
1229,83846,Delta Gestión XII,nombre,2026-08-24
1230,83976,SBS RETORNO SUSTENTABLE FONDO COMÚN DE INVERSIÓN ASG,nombre,2026-08-24
1232,83890,DELTA SUSTENTABLE FONDO COMÚN DE INVERSIÓN ASG,nombre,2026-08-24
1234,84098,PIONERO DESARROLLO,nombre,2026-08-24
1235,84099,PIONERO RETORNO,nombre,2026-08-24
1238,83925,ALLARIA COBERTURA DINAMICA FCI,nombre,2026-08-24
1241,85470,MEGAQM ESTRATEGIA 3,nombre,2026-08-24
1243,83991,ALLARIA PATRIMONIO IV FCI,nombre,2026-08-24
1244,83992,ALLARIA PATRIMONIO V FCI,nombre,2026-08-24
1245,84032,Adcap Balanceado IV,nombre,2026-08-24
1246,84033,IOL CASH MANAGEMENT,nombre,2026-08-24
1247,85300,Adcap Balanceado V,nombre,2026-08-24
1248,84151,Schroder Liquidez F.C.I.,nombre,2026-08-24
1249,84066,SBS PATRIMONIO V FCI,nombre,2026-08-24
1250,84079,SBS PATRIMONIO VI FCI,nombre,2026-08-24
1251,84067,SBS ACCIONES BRASIL FCI,nombre,2026-08-24
1252,84068,SBS RENTA MIXTA III FCI,nombre,2026-08-24
1254,84141,BALANZ SOJA,nombre,2026-08-24
1258,84145,BALANZ EQUITY SELECTION,nombre,2026-08-24
1259,85288,NOVUS BALANCEADO FCI,nombre,2026-08-24
1260,85289,NOVUS RENTA BALANCEADO FCI,nombre,2026-08-24
1262,84152,GAINVEST RENTA MIXTA SUSTENTABLE FONDO COMÚN DE INVERSIÓN ASG,nombre,2026-08-24
1267,84209,FIMA CARTERA SUSTENTABLE FONDO COMUN DE INVERSION ASG,nombre,2026-08-24
1268,84208,FIMA MIX  II,nombre,2026-08-24
1269,85347,PELLEGRINI RENTA FIJA III FCI,nombre,2026-08-24
1270,84251,1822 RAICES INFRAESTRUCTURA FONDO COMUN DE INVERSIÓN ABIERTO PARA EL FINANCIAMIENTO DE LA INFRAESTRUCTURA Y LA ECONOMÍA REAL,nombre,2026-08-24
1271,84240,IAM RENTA GLOBAL,nombre,2026-08-24
1274,84223,GAINVEST BALANCEADO IV,nombre,2026-08-24
1275,84224,GAINVEST BALANCEADO V,nombre,2026-08-24
1276,84230,ADCAP FINANCIAMIENTO 1,nombre,2026-08-24
1277,84231,CONOSUR VISUS,nombre,2026-08-24
1279,85328,CYC LIQUIDEZ FCI,nombre,2026-08-24
1281,85373,Max Estrategico I FCI,nombre,2026-08-24
1282,85374,Max Estrategico II FCI,nombre,2026-08-24
1283,85375,Max Estrategico III FCI,nombre,2026-08-24
1284,85376,Max Estrategico IV FCI,nombre,2026-08-24
1285,85370,Max Abierto PyMEs FCI,nombre,2026-08-24
1286,85379,Max Renta Fija Dolares FCI,nombre,2026-08-24
1287,85377,Max Money Market FCI,nombre,2026-08-24
1288,85371,Max Ahorro Pesos FCI,nombre,2026-08-24
1289,85372,Max Cobertura FCI,nombre,2026-08-24
1290,85378,Max Renta Fija FCI,nombre,2026-08-24
1291,85309,BALANZ PERFORMANCE XI,nombre,2026-08-24
1292,85310,BALANZ PERFORMANCE XII,nombre,2026-08-24
1293,85311,BALANZ PERFORMANCE XIII,nombre,2026-08-24
1294,85312,BALANZ CRÉDITO PRIVADO,nombre,2026-08-24
1296,85297,ALLARIA DINÁMICO II FCI,nombre,2026-08-24
1297,85298,ALLARIA DINÁMICO III FCI,nombre,2026-08-24
1298,85299,ALLARIA DINÁMICO IV FCI,nombre,2026-08-24
1308,85399,ZOFINGEN MULTI STRATEGY II,nombre,2026-08-24
1310,85364,AXIS ESTRATEGIA 1,nombre,2026-08-24
1311,85365,AXIS ROSENTAL FCI ABIERTO PYMES,nombre,2026-08-24
1312,85432,GAINVEST GLOBAL V,nombre,2026-08-24
1313,85433,GAINVEST GLOBAL VI,nombre,2026-08-24
1314,85445,Superfondo Sustentable Fondo Común de Inversión  ASG,nombre,2026-08-24
1315,85382,CICLO NOVA MULTIESTRATEGIA II,nombre,2026-08-24
1316,85383,CICLO NOVA MULTIESTRATEGIA III,nombre,2026-08-24
1317,85384,CICLO NOVA MULTIESTRATEGIA IV,nombre,2026-08-24
1318,85385,CICLO NOVA MULTIESTRATEGIA V,nombre,2026-08-24
1319,85421,CHAMPAQUÍ FONDO INMEDIATO PLUS,nombre,2026-08-24
1320,85452,Adcap Desarrollo e Infraestructura Fondo Comun de Inversion Abierto para el Financiamiento de la Infraestructura y la Economia Real,nombre,2026-08-24
1321,85476,PIONERO RENTA DOLAR ESTRATEGIA ex Goal Renta Dolar Estrategia,nombre_sin_ex,2026-08-24
1322,85483,DRACMA RENTA AHORRO FONDO COMUN DE INVERSION,nombre,2026-08-24
1325,85564,HF INFRAESTRUCTURA II FONDO COMUN DE INVERSIÓN ABIERTO PARA EL FINANCIAMIENTO DE LA INFRAESTRUCTURA Y LA ECONOMÍA REAL,nombre,2026-08-24
1326,85720,TORONTO TRUST GESTIÓN F.C.I.,nombre,2026-08-24
1328,86322,DELTA AHORRO DÓLARES,nombre,2026-08-24
1332,85493,OPTIMUM BALANCED STRATEGY FCI,nombre,2026-08-24
1335,85505,Adcap Balanceado XII,nombre,2026-08-24
1336,85501,Adcap Patrimonio IV,nombre,2026-08-24
1337,85502,Alycbur Renta Cobertura,nombre,2026-08-24
1339,85504,Adcap Balanceado X,nombre,2026-08-24
1341,85636,ACA VALORES RETORNO TOTAL F.C.I.,nombre,2026-08-24
1342,85637,SCHRODER PATRIMONIO DOS F.C.I.,nombre,2026-08-24
1344,85627,Compass Renta Mixta II FCI,nombre,2026-08-24
1345,85628,Compass Renta Fija V FCI,nombre,2026-08-24
1346,86194,CICLO NOVA Renta Fija Dólar 2,nombre,2026-08-24
1347,85775,MAF LIQUIDEZ,nombre,2026-08-24
1348,85735,ARGENFUNDS Inversión Pesos F.C.I.,nombre,2026-08-24
1349,85736,ARGENFUNDS Inversión Dolares F.C.I.,nombre,2026-08-24
1350,85737,ARGENFUNDS Gestión Pesos F.C.I.,nombre,2026-08-24
1351,85657,FCI Galileo Multimercado V,nombre,2026-08-24
1352,85658,FCI Galileo Multimercado VI,nombre,2026-08-24
1356,85646,PIONERO PATRIMONIO I,nombre,2026-08-24
1357,85647,PIONERO MONEDA,nombre,2026-08-24
1358,85648,PIONERO CRECIMIENTO,nombre,2026-08-24
1359,85649,PIONERO RECOVERY,nombre,2026-08-24
1360,85731,GAINVEST GLOBAL VII,nombre,2026-08-24
1361,85732,GAINVEST GLOBAL VIII,nombre,2026-08-24
1362,85733,GAINVEST GLOBAL IX,nombre,2026-08-24
1363,85897,QUIRON MONEY MARKET FONDO COMUN DE INVERSION,nombre,2026-08-24
1365,85762,GMC MONEY MARKET,nombre,2026-08-24
1366,85991,CHAMPAQUÍ RENTA FUTURA,nombre,2026-08-24
1367,85840,AXIS S&C ARGENTINA ABSOLUTE RETURN,nombre,2026-08-24
1369,85892,AXIS BRIO VALORES I,nombre,2026-08-24
1370,85893,AXIS ESTRATEGIA 6,nombre,2026-08-24
1371,85890,PIONERO MULTIESTRATEGIA MIX ex Goal Multiestrategia,nombre_sin_ex,2026-08-24
1372,85891,PIONERO MULTIESTRATEGIA PLUS ex Goal Multiestrategia Plus,nombre_sin_ex,2026-08-24
1373,85871,NOVUS GESTION FCI,nombre,2026-08-24
1374,85872,NOVUS MULTIESTRATEGIA FCI,nombre,2026-08-24
1375,85873,NOVUS RENTA MIXTA FCI,nombre,2026-08-24
1376,85874,NOVUS PERFORMANCE FCI,nombre,2026-08-24
1377,85875,NOVUS INCOME FCI,nombre,2026-08-24
1378,85876,NOVUS RENTA FIJA FCI,nombre,2026-08-24
1379,85905,GMC RETORNO TOTAL II,nombre,2026-08-24
1380,85908,SCHRODER RETORNO TOTAL CUATRO F.C.I.,nombre,2026-08-24
1381,86498,ARGENFUNDS Financiamiento Pesos F.C.I.,nombre,2026-08-24
1382,85906,Adcap Balanceado III,nombre,2026-08-24
1384,85909,Adcap Balanceado XXVI,nombre,2026-08-24
1386,85956,Adcap Balanceado XVI,nombre,2026-08-24
1387,85957,Adcap Balanceado XVII,nombre,2026-08-24
1388,85958,ADCAP BALANCE MULTIACTIVO,nombre,2026-08-24
1389,85986,TORONTO TRUST BALANCEADO F.C.I.,nombre,2026-08-24
1390,86004,Premier FCI Sustentable ASG,nombre,2026-08-24
1391,86144,MAX RENTA FIJA LATAM FCI,nombre,2026-08-24
1392,86145,MAX ESTRATÉGICO V FCI,nombre,2026-08-24
1393,86146,MAX DINÁMICO I FCI,nombre,2026-08-24
1394,86147,MAX DINÁMICO II FCI,nombre,2026-08-24
1395,86148,MAX DINÁMICO III FCI,nombre,2026-08-24
1396,86149,MAX DINÁMICO IV FCI,nombre,2026-08-24
1397,86150,MAX DINÁMICO V FCI,nombre,2026-08-24
1398,86151,MAX MULTIGESTIÓN I FCI,nombre,2026-08-24
1399,86152,MAX MULTIGESTIÓN II FCI,nombre,2026-08-24
14,63329,Alpha Acciones Ex 1784 ACCIONES,nombre_sin_ex,2026-08-24
1401,86165,BAVSA PESOS PLUS FCI,nombre,2026-08-24
1405,86207,BAMBA AGRONEGOCIOS,nombre,2026-08-24
1406,86208,AXIS ESTRATEGIA 8,nombre,2026-08-24
1408,86210,AXIS ESTRATEGIA 10,nombre,2026-08-24
1409,86211,AXIS ESTRATEGIA 11,nombre,2026-08-24
1410,86212,AXIS ESTRATEGIA 12,nombre,2026-08-24
1411,86171,ALLARIA DÓLAR DINÁMICO FCI,nombre,2026-08-24
1412,86196,GAINVEST BALANCEADO VI,nombre,2026-08-24
1413,86197,GAINVEST BALANCEADO VII,nombre,2026-08-24
1414,86198,GAINVEST BALANCEADO VIII,nombre,2026-08-24
1415,86265,PIONERO INTEGRAL,nombre,2026-08-24
1417,86267,PIONERO ABIERTO,nombre,2026-08-24
1418,86268,PIONERO OPORTUNIDAD,nombre,2026-08-24
1419,86184,Adcap Verde y Sustentable ASG,nombre,2026-08-24
1420,86269,VALIANT RENTA FIJA BALANCEADO I FCI,nombre,2026-08-24
1421,86270,VALIANT RENTA FIJA BALANCEADO II FCI,nombre,2026-08-24
1422,86205,ADCAP ASB MULTIACTIVO,nombre,2026-08-24
1423,86307,FCI GALILEO MULTIMERCADO VII,nombre,2026-08-24
1424,86308,FCI GALILEO MULTIMERCADO VIII,nombre,2026-08-24
1425,86309,FCI GALILEO MULTIMERCADO IX,nombre,2026-08-24
1426,86374,FIMA RENTA FIJA DOLARES,nombre,2026-08-24
1427,86375,FIMA MIX DOLARES,nombre,2026-08-24
1429,86292,ALLARIA GESTIÓN II FCI,nombre,2026-08-24
1430,86293,ALLARIA AGRO FCI,nombre,2026-08-24
1431,86294,ALLARIA GESTIÓN IV FCI,nombre,2026-08-24
1432,86295,ALLARIA UNICRED DÓLARES FCI,nombre,2026-08-24
1434,86404,Galileo Multi-Strategy II,nombre,2026-08-24
1435,86306,ALLARIA SUSTENTABLE ASG FCI,nombre,2026-08-24
1436,86329,COCOS DÓLARES PLUS FCI,nombre,2026-08-24
1437,86330,COCOS AHORRO DÓLARES FCI,nombre,2026-08-24
1438,86331,COCOS AHORRO FCI,nombre,2026-08-24
1439,63686,CHACO FONDO COMÚN DE INVERSIÓN MONEY MARKET,nombre,2026-08-24
1440,86372,LOMBARD DINAMICO I,nombre,2026-08-24
1442,86371,LOMBARD AHORRO PLUS II,nombre,2026-08-24
1443,86367,BALANZ CAPITAL ESTRATEGIA III USD,nombre,2026-08-24
1444,86368,BALANZ CAPITAL ESTRATEGIA IV USD,nombre,2026-08-24
1445,86344,AXIS ESTRATEGIA 15,nombre,2026-08-24
1446,86345,AXIS ESTRATEGIA 16,nombre,2026-08-24
1447,86346,AXIS ESTRATEGIA 17,nombre,2026-08-24
1448,86347,AXIS ESTRATEGIA 18,nombre,2026-08-24
1449,86348,AXIS ESTRATEGIA 19,nombre,2026-08-24
1450,86349,AXIS ESTRATEGIA 20,nombre,2026-08-24
1451,86354,Fundcorp Performance Multiestrategia,nombre,2026-08-24
1452,86355,Fundcorp Performance Balanceado,nombre,2026-08-24
1453,86658,AXIS ESTRATEGIA 21,nombre,2026-08-24
1454,86696,AXIS ESTRATEGIA 22,nombre,2026-08-24
1455,86697,AXIS ESTRATEGIA 23,nombre,2026-08-24
1456,86698,AXIS ESTRATEGIA 24,nombre,2026-08-24
1457,86699,AXIS ESTRATEGIA 25,nombre,2026-08-24
1459,86701,BENEDIT MULTIESTRATEGIA,nombre,2026-08-24
1462,86378,TORONTO TRUST AHORRO DÓLAR F.C.I.,nombre,2026-08-24
1463,86379,TORONTO TRUST RENTA DÓLAR F.C.I.,nombre,2026-08-24
1464,86392,DRACMA MULTIESTRATEGIA,nombre,2026-08-24
1465,86393,DRACMA ESTRATEGIA DOLAR I,nombre,2026-08-24
1467,86406,AXIS PESOS,nombre,2026-08-24
1468,86407,AXIS S&C RENTA FIJA DOLAR,nombre,2026-08-24
1470,86409,AXIS ESTRATEGIA 13,nombre,2026-08-24
1471,86410,AXIS MULTIPLO BURSATIL RETORNO ABSOLUTO,nombre,2026-08-24
1472,86398,QUIRON RENTA MIXTA FONDO COMUN DE INVERSION,nombre,2026-08-24
1473,86446,CICLO NOVA ESTRUCTURADO,nombre,2026-08-24
1474,86447,CICLO NOVA ESTRUCTURADO  II,nombre,2026-08-24
1475,86448,CICLO NOVA ESTRUCTURADO III,nombre,2026-08-24
1476,86449,CICLO NOVA ESTRUCTURADO IV,nombre,2026-08-24
1477,86478,BAVSA RENTA BALANCEADO IV,nombre,2026-08-24
1478,86479,BAVSA AHORRO PLUS,nombre,2026-08-24
1479,86480,BAVSA AHORRO,nombre,2026-08-24
1482,86551,IAM LIQUIDEZ EN DÓLARES,nombre,2026-08-24
1483,86552,IAM RETORNO DÓLARES,nombre,2026-08-24
1484,86588,TORONTO TRUST INFRAESTRUCTURA F.C.I.,nombre,2026-08-24
1485,86445,APOLO FONDO COMÚN DE INVERSIÓN ABIERTO PYMES,nombre,2026-08-24
1487,86525,CHAMPAQUÍ RENTA VARIABLE,nombre,2026-08-24
1488,86576,TANDEM - PESOS AHORRO PLUS FCI,nombre,2026-08-24
1489,86553,TANDEM - DOLARES RETORNO TOTAL FCI,nombre,2026-08-24
1490,86526,CHAMPAQUÍ RENTA PESOS,nombre,2026-08-24
1491,86527,CHAMPAQUÍ RENTA PLUS,nombre,2026-08-24
1492,86528,CHAMPAQUÍ RENTA DÓLAR,nombre,2026-08-24
1494,86522,NOVUS RENTA DÓLAR FCI,nombre,2026-08-24
1495,86523,NOVUS CAPITAL FCI,nombre,2026-08-24
1496,86590,ARGENTARIA BAVSA GLOBAL,nombre,2026-08-24
1505,86630,ARGENFUNDS RENTA FIJA II FCI,nombre,2026-08-24
1508,87361,DXA PMKT TOTAL RETURN FCI,nombre,2026-08-24
1509,87362,INSIDER RETORNO ESTRATÉGICO,nombre,2026-08-24
1510,87360,DRACMA ESTRATEGIA DÓLAR,nombre,2026-08-24
1511,86616,BALANZ CAPITAL ESTRATEGIA V USD,nombre,2026-08-24
1516,86585,IOL DÓLAR AHORRO PLUS,nombre,2026-08-24
1517,86578,Adcap Balanceado VII,nombre,2026-08-24
1518,86577,Adcap Balanceado IX,nombre,2026-08-24
1519,86580,ADCAP FINANCIAMIENTO MEGRA,nombre,2026-08-24
1521,86581,Adcap Balanceado XX,nombre,2026-08-24
1522,86597,ALLARIA DOLAR AHORRO FCI,nombre,2026-08-24
1523,86598,ALLARIA DÓLAR AHORRO PLUS,nombre,2026-08-24
1524,86599,ALLARIA DOLAR RETORNO TOTAL FCI,nombre,2026-08-24
1527,86650,CICLO NOVA ESTRATÉGICO,nombre,2026-08-24
1528,86666,SCHRODER CRECIMIENTO F.C.I.,nombre,2026-08-24
1529,86667,SCHRODER CRECIMIENTO DOS F.C.I.,nombre,2026-08-24
153,63227,Schroder Renta Variable Fondo Común de Inversión,nombre,2026-08-24
1530,86668,SCHRODER CRECIMIENTO TRES F.C.I.,nombre,2026-08-24
1532,86765,1822 RAÍCES RENTA EN DÓLARES,nombre,2026-08-24
1534,86767,1822 RAICES RENTA FIJA INTERNACIONAL,nombre,2026-08-24
1537,86711,APOLO DOLARES,nombre,2026-08-24
154,63226,Schroder Renta Fija F.C.I. Ex Schroder Renta Fija,nombre_sin_ex,2026-08-24
1541,86773,SBS PATRIMONIO VIII FCI,nombre,2026-08-24
1542,86774,SBS PATRIMONIO IX FCI,nombre,2026-08-24
1544,86776,SBS RENTA MIXTA V FCI,nombre,2026-08-24
1545,86730,BAVSA GLOBAL II,nombre,2026-08-24
1546,86731,BAVSA GLOBAL III,nombre,2026-08-24
1547,86732,BAVSA  RETORNO TOTAL FCI,nombre,2026-08-24
1548,86733,BAVSA RENTA DÓLARES FCI,nombre,2026-08-24
1549,86759,BALANZ MONEY MARKET USD,nombre,2026-08-24
1550,86791,NOVUS INCOME DÓLARES,nombre,2026-08-24
1551,86792,NOVUS AHORRO DÓLARES,nombre,2026-08-24
1552,86793,NOVUS RETORNO TOTAL,nombre,2026-08-24
1553,86794,NOVUS GESTIÓN II,nombre,2026-08-24
1554,86795,NOVUS LOW VOLATILITY,nombre,2026-08-24
1555,86796,NOVUS RENTA CAPITAL,nombre,2026-08-24
1556,86748,Adcap Gestion Estrategica I,nombre,2026-08-24
1557,86749,Adcap Gestion Estrategica II,nombre,2026-08-24
1558,86750,Adcap Gestion Estrategica III,nombre,2026-08-24
1559,86751,Adcap Patrimonio I,nombre,2026-08-24
1561,86997,ALLARIA AHORRO DINÁMICO FCI,nombre,2026-08-24
1562,86936,Ualintec Cobertura,nombre,2026-08-24
1563,86937,Ualintec Renta Dolares,nombre,2026-08-24
1564,86938,Ualintec Retorno Total,nombre,2026-08-24
1565,86939,Ualintec Pesos Plus,nombre,2026-08-24
1566,86902,SBS LIQUIDEZ USD FCI,nombre,2026-08-24
1567,86864,Delta Dólares,nombre,2026-08-24
1568,86898,PIONERO AHORRO DOLAR PLUS,nombre,2026-08-24
1569,86899,PIONERO INVERSION DOLAR,nombre,2026-08-24
1570,86900,PIONERO MONEY MARKET DOLAR,nombre,2026-08-24
1571,86904,BAVSA AHORRO DÓLAR,nombre,2026-08-24
1573,86915,PARAKEET CAPITAL PLUS,nombre,2026-08-24
1574,86916,PARAKEET RENTA PESOS,nombre,2026-08-24
1575,86917,PARAKEET PESOS,nombre,2026-08-24
1576,86972,CHAMPAQUÍ FONDO LIQUIDEZ DÓLAR,nombre,2026-08-24
1577,86933,ZOFINGEN PESOS YA,nombre,2026-08-24
1578,86979,TORONTO TRUST MONEY MARKET DÓLAR F.C.I.,nombre,2026-08-24
1579,87159,WISE CAPITAL HEDGE,nombre,2026-08-24
158,63228,Schroder Argentina Fondo Común de Inversión Ex Sch,nombre_sin_ex,2026-08-24
1580,87160,WISE CAPITAL EQUITY,nombre,2026-08-24
1581,87161,WISE CAPITAL GLOBAL MARKETS,nombre,2026-08-24
1583,87163,WISE CAPITAL MULTISTRATEGY,nombre,2026-08-24
1584,87164,WISE CAPITAL SAVING,nombre,2026-08-24
1585,86995,PARAKEET INCOME,nombre,2026-08-24
1586,86996,PARAKEET GLOBAL,nombre,2026-08-24
1587,87030,BULL MARKET AHORRO DÓLARES FCI,nombre,2026-08-24
1588,87031,BULL MARKET AHORRO PESOS FCI,nombre,2026-08-24
1589,87074,Fundcorp Crecimiento,nombre,2026-08-24
1593,87122,VALIANT RENTA FIJA BALANCEADO III FCI,nombre,2026-08-24
1594,87123,VALIANT RENTA FIJA BALANCEADO IV FCI,nombre,2026-08-24
1595,87103,FIMA PREMIUM DOLARES,nombre,2026-08-24
1596,87158,PELLEGRINI MONEY MARKET USD,nombre,2026-08-24
1598,87173,BALANZ CAPITAL ESTRATEGIA VI USD,nombre,2026-08-24
1603,87152,ALLARIA EQUITY SELECTION FCI,nombre,2026-08-24
1604,87165,ALLARIA DÓLAR GESTIÓN FCI,nombre,2026-08-24
1605,87166,ALLARIA DÓLAR PERFORMANCE FCI,nombre,2026-08-24
1606,87167,ALLARIA GESTIÓN DINÁMICA FCI,nombre,2026-08-24
1607,87168,ALLARIA GESTIÓN V FCI,nombre,2026-08-24
1608,87169,ALLARIA PERFORMANCE FCI,nombre,2026-08-24
161,63304,PELLEGRINI ACCIONES,nombre,2026-08-24
1610,87188,COCOS ACCIONES FCI,nombre,2026-08-24
1611,87190,COCOS PESOS PLUS FCI,nombre,2026-08-24
1612,87191,COCOS MEDALLA FCI,nombre,2026-08-24
1613,87180,Superfondo Ahorro en Dolares,nombre,2026-08-24
1619,87379,MAX ACCIONES ARGENTINAS FCI,nombre,2026-08-24
162,63305,PELLEGRINI RENTA PESOS,nombre,2026-08-24
1621,87288,ARGENFUNDS LIQUIDEZ DÓLARES F.C.I.,nombre,2026-08-24
1622,87255,CICLO NOVA CORTO PLAZO DÓLAR,nombre,2026-08-24
1623,87324,AVANTIA MULTIESTRATEGIA,nombre,2026-08-24
1624,87328,AXIS ESTRATEGIA 28,nombre,2026-08-24
1625,87329,AXIS ESTRATEGIA 29,nombre,2026-08-24
1626,87330,BURSÁTIL X RETORNO ABSOLUTO,nombre,2026-08-24
1627,87331,AXIS ESTRATEGIA 31,nombre,2026-08-24
1628,87325,AXIS ESTRATEGIA DÓLAR 3,nombre,2026-08-24
1629,87332,TRANSATLANTICA ESTRATEGIA DÓLAR,nombre,2026-08-24
163,63306,PELLEGRINI RENTA,nombre,2026-08-24
1631,87371,AXIS GESTIÓN 1,nombre,2026-08-24
1633,87282,PARAKEET PREMIUM,nombre,2026-08-24
1634,87283,PARAKEET MM INVESTMENTS FUND,nombre,2026-08-24
1635,87284,PARAKEET MULTIMERCADO,nombre,2026-08-24
1636,87285,PARAKEET DINAMICO,nombre,2026-08-24
1637,87286,PARAKEET LATAM,nombre,2026-08-24
1638,87287,PARAKEET ABIERTO PYMES,nombre,2026-08-24
1639,87305,CHACO FONDO COMÚN DE INVERSIÓN RENTA FIJA DÓLARES,nombre,2026-08-24
164,63307,PELLEGRINI RENTA FIJA PLUS F.C.I. Ex PELLEGRINI RE,nombre_sin_ex,2026-08-24
1640,87300,CICLO NOVA BALANCEADO,nombre,2026-08-24
1643,87479,CMA Estrategia Pesos,nombre,2026-08-24
1644,87478,CMA Dolar Dinamico,nombre,2026-08-24
1645,87380,MAX MONEY MARKET DOLARES FCI,nombre,2026-08-24
1647,87501,PIONERO DOLAR DINAMICO,nombre,2026-08-24
1648,87502,PIONERO DOLAR GESTION,nombre,2026-08-24
1649,87503,PIONERO DOLAR MIX,nombre,2026-08-24
165,63189,FBA MONEY MARKET PESOS,nombre,2026-08-24
1650,87359,MP AHORRO,nombre,2026-08-24
1651,87393,MEGAQM GESTIÓN DÓLARES 2,nombre,2026-08-24
1657,87448,IOL Portafolio Potenciado,nombre,2026-08-24
1660,87467,CRECER AHORRO,nombre,2026-08-24
1661,87468,CRECER ACCIONES,nombre,2026-08-24
1664,87471,CRECER LIQUIDEZ,nombre,2026-08-24
1665,87472,CRECER CAPITAL DÓLARES,nombre,2026-08-24
1666,87489,GAINVEST PERFORMANCE,nombre,2026-08-24
1667,87490,GAINVEST PERFORMANCE II,nombre,2026-08-24
1668,87491,GAINVEST DOLARES PREMIUM,nombre,2026-08-24
1671,87563,FCI CONOSUR LIQUIDEZ,nombre,2026-08-24
1672,87562,FCI CONOSUR AHORRO,nombre,2026-08-24
1674,87561,FCI CONOSUR RENTA FIJA CORPORATIVA,nombre,2026-08-24
1678,87586,FBA MONEY MARKET DÓLAR,nombre,2026-08-24
1680,87611,BALANZ RENTA FIJA GLOBAL,nombre,2026-08-24
1681,87612,BALANZ RENTA VARIABLE GLOBAL,nombre,2026-08-24
1682,87570,COMPASS RENTA MIXTA DÓLARES II,nombre,2026-08-24
1683,87645,NOVUS RENTA VARIABLE,nombre,2026-08-24
1689,87710,AXIS ESTRATEGIA 32,nombre,2026-08-24
1690,87720,AXIS ESTRATEGIA 33,nombre,2026-08-24
1692,87722,AXIS ESTRATEGIA DÓLAR 5,nombre,2026-08-24
1693,87723,AXIS ESTRATEGIA DÓLAR 6,nombre,2026-08-24
1694,87732,Schroder Liquidez Dólares F.C.I.,nombre,2026-08-24
1695,87633,COMPASS RENTA MIXTA DÓLARES III FCI,nombre,2026-08-24
1696,87796,BAVSA RENTA BALANCEADO V,nombre,2026-08-24
1697,87795,BAVSA ESTRATEGIA DÓLAR,nombre,2026-08-24
1698,87680,Premier Corto Plazo en Dólares,nombre,2026-08-24
1699,87690,COMPASS RENTA MIXTA III FCI,nombre,2026-08-24
1700,87691,COMPASS RENTA MIXTA IV FCI,nombre,2026-08-24
1701,87675,PELLEGRINI LIQUIDEZ PESOS,nombre,2026-08-24
1702,87777,MAX RETORNO TOTAL PESOS FCI,nombre,2026-08-24
1707,87761,CONSULTATIO ESTRATEGIA I,nombre,2026-08-24
1708,87762,CONSULTATIO ESTRATEGIA II,nombre,2026-08-24
1709,87763,CONSULTATIO ESTRATEGIA III,nombre,2026-08-24
1710,87764,CONSULTATIO ESTRATEGIA IV,nombre,2026-08-24
1711,87765,CONSULTATIO ESTRATEGIA V,nombre,2026-08-24
1712,87780,PARAKEET DINÁMICO II,nombre,2026-08-24
1713,87781,PARAKEET DINÁMICO III,nombre,2026-08-24
1714,87782,PARAKEET COBALTO ESTRATEGIA,nombre,2026-08-24
1715,87783,PARAKEET BLEND,nombre,2026-08-24
1716,87784,PARAKEET MULTIMERCADO III,nombre,2026-08-24
1722,87834,ALPHA RENTA FIJA CORPORATIVA DOLAR,nombre,2026-08-24
1723,87835,ALPHA DOLAR,nombre,2026-08-24
1724,87799,VALIANT MONEY MARKET DOLARES,nombre,2026-08-24
1727,87939,COCOS CRECIMIENTO FCI,nombre,2026-08-24
1734,87942,COCOS PREMIUM EQUITY FCI,nombre,2026-08-24
1736,87829,CICLO NOVA ESTRATÉGICO II,nombre,2026-08-24
1738,87838,Numancia Pesos II,nombre,2026-08-24
1739,87836,Numancia Pesos III,nombre,2026-08-24
1742,87963,GMC RETORNO TOTAL III,nombre,2026-08-24
1743,87964,GMC RETORNO TOTAL IV,nombre,2026-08-24
1744,87863,WISE CAPITAL FOCUS I,nombre,2026-08-24
1745,87864,WISE CAPITAL LEGACY,nombre,2026-08-24
1749,87867,MABRA BAVSA RENTA DÓLAR,nombre,2026-08-24
1750,87868,BAVSA RENTA BALANCEADO VI,nombre,2026-08-24
1751,87869,ARGENTARIA BAVSA RENTA FIJA DÓLARES,nombre,2026-08-24
1752,87870,MABRA BAVSA PESOS PLUS,nombre,2026-08-24
1753,87928,MAX RETORNO TOTAL PESOS II FCI,nombre,2026-08-24
1754,87926,Max Retorno Total Pesos III FCI,nombre,2026-08-24
1755,87927,MAX RETORNO TOTAL PESOS IV FCI,nombre,2026-08-24
1756,87878,CONSULTATIO MULTIMERCADO VI,nombre,2026-08-24
1757,87879,CONSULTATIO MULTIMERCADO VII,nombre,2026-08-24
1758,87880,CONSULTATIO MULTIMERCADO VIII,nombre,2026-08-24
1766,87948,AXIS ROSENTAL USD STRATEGIC INCOME,nombre,2026-08-24
1772,87886,PARAKEET BALANCED FUND II,nombre,2026-08-24
1773,88050,FBA MONEY MARKET PESOS PLUS,nombre,2026-08-24
1776,87896,NOVUS DÓLAR MM,nombre,2026-08-24
1780,88001,BAVSA RENTA BALANCEADO III,nombre,2026-08-24
1781,88002,BAVSA DEUDA PRIVADA ARGENTINA USD,nombre,2026-08-24
1785,87997,BULL MARKET RENTA FIJA PLUS FCI,nombre,2026-08-24
1786,87996,BULL MARKET ESTRATEGIA FCI,nombre,2026-08-24
1787,87998,BULL MARKET RENTA FIJA DÓLAR FCI,nombre,2026-08-24
1789,87956,COMPASS RENTA MIXTA V FCI,nombre,2026-08-24
1790,87982,COMPASS RENTA MIXTA VI FCI,nombre,2026-08-24
1791,88032,COMPASS RENTA MIXTA VII FCI,nombre,2026-08-24
1792,88019,BULL MARKET AHORRO BALANCEADO II FCI,nombre,2026-08-24
1793,87994,Valiant Renta Fija Balanceado V,nombre,2026-08-24
1794,87995,Valiant Renta Fija Balanceado VI,nombre,2026-08-24
1795,87977,Numancia Pesos IV,nombre,2026-08-24
1796,87978,Numancia Pesos V,nombre,2026-08-24
1802,88005,MP EMPRESAS ARGENTINAS,nombre,2026-08-24
1809,88012,CICLO NOVA RETORNO TOTAL II,nombre,2026-08-24
181,63367,SBS TAVELLI PLUS,nombre,2026-08-24
1813,88027,CICLO NOVA RETORNO TOTAL III,nombre,2026-08-24
1817,88111,FBA RENTA FIJA DÓLAR LATAM I,nombre,2026-08-24
1818,88112,FBA ACCIONES GLOBALES DÓLAR I,nombre,2026-08-24
1819,88113,FBA RENTA MIXTA DÓLAR I,nombre,2026-08-24
1820,88055,Superfondo Renta Balance II Fondo Común de Invesión,nombre,2026-08-24
1821,88056,Superfondo Renta Balance III Fondo Común de Inversión,nombre,2026-08-24
1826,88078,PARAKEET GLOBAL OPPORTUNITIES FUND,nombre,2026-08-24
1827,88164,TANDEM - BALANCEADO I,nombre,2026-08-24
1828,88163,TANDEM - RENTA PESOS,nombre,2026-08-24
1829,88107,Allaria Calificado FCI,nombre,2026-08-24
1830,88165,TANDEM - BALANCEADO II,nombre,2026-08-24
1831,88131,ALLARIA CALIFICADO II FCI,nombre,2026-08-24
1832,88135,CONSULTATIO MULTIMERCADO IX,nombre,2026-08-24
1833,88136,CONSULTATIO MULTIMERCADO X,nombre,2026-08-24
1834,88226,PIONERO HORIZONTE,nombre,2026-08-24
1835,88183,VALIANT FONDO COMÚN DE INVERSIÓN CERRADO DE CRÉDITOS,nombre,2026-08-24
1843,88177,AXIS GESTIÓN 2,nombre,2026-08-24
1844,88178,AXIS GESTIÓN 3,nombre,2026-08-24
1845,88179,AXIS GESTIÓN 4,nombre,2026-08-24
1847,88199,PARAKEET GESTION ACTIVA,nombre,2026-08-24
1848,88192,PARAKEET GLOBAL OPPORTUNITIES FUND II,nombre,2026-08-24
1849,88368,PIONERO INTERNACIONAL,nombre,2026-08-24
1850,88209,TANDEM - CRECIMIENTO I,nombre,2026-08-24
1851,88204,TANDEM - GLOBAL FCI,nombre,2026-08-24
1852,88340,CRECER LIQUIDEZ DÓLARES,nombre,2026-08-24
1853,88235,CHIMPAY AGRESIVO,nombre,2026-08-24
1854,88236,CHIMPAY PESOS CONSERVADOR,nombre,2026-08-24
1855,88237,CHIMPAY PESOS MODERADO,nombre,2026-08-24
1856,88238,CHIMPAY RETORNO TOTAL,nombre,2026-08-24
186,63299,F.C.I. LOMBARD RENTA FIJA Ex LOMBARD RENTA FIJA EN,nombre_sin_ex,2026-08-24
1862,88264,BAVSA RENTA BALANCEADO VII,nombre,2026-08-24
1863,88273,Argenfunds Financiamiento Pesos II F.C.I.,nombre,2026-08-24
1864,88501,FBA RENTA FIJA DÓLAR II,nombre,2026-08-24
1865,88502,FBA RENTA MIXTA II,nombre,2026-08-24
1866,88503,FBA RENTA MIXTA III,nombre,2026-08-24
1867,88307,TANGO MONEY MARKET DINÁMICO,nombre,2026-08-24
1870,88278,Mills M1000 Balanceado Pesos FCI,nombre,2026-08-24
1872,88280,Mills Renta Fija Crecimiento Pesos FCI,nombre,2026-08-24
1873,88281,Mills Renta Fija Pesos FCI,nombre,2026-08-24
1874,88282,Mills Renta Fija Dolares FCI,nombre,2026-08-24
1875,88293,ALLARIA DOLAR RENTA INTERNACIONAL FCI,nombre,2026-08-24
1888,88335,Argenfunds Estrategia III F.C.I.,nombre,2026-08-24
1890,88350,GMC RETORNO TOTAL V,nombre,2026-08-24
1891,88351,GMC RETORNO TOTAL VI,nombre,2026-08-24
1894,88341,WISE CAPITAL FOREIGN EQUITY,nombre,2026-08-24
1897,88364,MERCADOLIBRE FONDO COMÚN DE INVERSIÓN CERRADO DE CRÉDITOS,nombre,2026-08-24
1898,88355,PELLEGRINI RENTA DÓLARES II F.C.I.,nombre,2026-08-24
1899,88356,PELLEGRINI RENTA DÓLARES III F.C.I.,nombre,2026-08-24
1900,88365,BAVSA RENTA BALANCEADO VIII,nombre,2026-08-24
1901,88366,BAVSA RENTA BALANCEADO IX,nombre,2026-08-24
1902,88367,BAVSA RENTA BALANCEADO DÓLARES IV,nombre,2026-08-24
1906,88348,WISE CAPITAL DOLLAR MONEY MARKET,nombre,2026-08-24
1907,88349,MAF CASH DOLARES I,nombre,2026-08-24
1909,88399,Puente Liquidez Pesos,nombre,2026-08-24
1910,88439,DXA FCI MULTICOBERTURA,nombre,2026-08-24
1911,88438,DXA FCI RETORNO TOTAL,nombre,2026-08-24
1912,88400,Fundcorp Long Performance Plus II,nombre,2026-08-24
1913,88413,COCOS DÓLAR MONEY MARKET FCI,nombre,2026-08-24
1916,88414,TANDEM – GLOBAL II FCI,nombre,2026-08-24
1917,88428,Argenfunds Calificado I FCI,nombre,2026-08-24
1919,88463,TORONTO TRUST DINAMICO,nombre,2026-08-24
1920,88430,1822 RAICES AHORRO DOLARES,nombre,2026-08-24
1922,88468,BULL MARKET LIQUIDEZ DÓLAR,nombre,2026-08-24
1925,88570,Argenfunds Calificado II F.C.I.,nombre,2026-08-24
1926,88492,Argenfunds Calificado III FCI,nombre,2026-08-24
1928,88434,PARAKEET GESTIÓN ACTIVA II,nombre,2026-08-24
1929,88435,PARAKEET BALANCED FUND III,nombre,2026-08-24
1930,88482,TANDEM - GLOBAL III FCI,nombre,2026-08-24
1931,88483,TANDEM - GLOBAL IV FCI,nombre,2026-08-24
1932,88528,GMC RENTA FIJA DOLARES,nombre,2026-08-24
1935,88505,BAVSA RENTA BALANCEADO X,nombre,2026-08-24
1936,88506,BAVSA RENTA BALANCEADO XI,nombre,2026-08-24
194,63338,ALPHA RENTA CRECIMIENTO Ex Alpha Renta Fija Serie,nombre_sin_ex,2026-08-24
1941,88529,CICLO NOVA RETORNO TOTAL IV,nombre,2026-08-24
1947,88564,Puente Acciones Argentinas,nombre,2026-08-24
1948,88565,Puente Ahorro Pesos,nombre,2026-08-24
1949,88566,Puente Liquidez Dólares,nombre,2026-08-24
1952,88586,MAX RETORNO TOTAL PESOS V,nombre,2026-08-24
1953,88587,MAX RETORNO TOTAL PESOS VI,nombre,2026-08-24
1954,88588,MAX RETORNO TOTAL PESOS VII,nombre,2026-08-24
1960,88607,BLACKTORO PESOS,nombre,2026-08-24
1963,88610,PIONERO HORIZONTE II,nombre,2026-08-24
1974,88663,SPECIAL SITUATIONS FUND,nombre,2026-08-24
1975,88687,VINCI COMPASS RENTA MIXTA DÓLARES IV FCI,nombre,2026-08-24
1976,88692,BLACKTORO COBERTURA,nombre,2026-08-24
1977,88693,BLACKTORO TOTAL RETURN,nombre,2026-08-24
1978,88694,Fundcorp Renta Pesos,nombre,2026-08-24
1979,88717,PARAKEET GESTIÓN ACTIVA III,nombre,2026-08-24
198,63215,SUPERFONDO RENTA FIJA LATAM FONDO COMÚN DE INVERSIÓN,nombre,2026-08-24
1982,88746,BAVSA CRÉDITO PRODUCTIVO I,nombre,2026-08-24
1983,88754,CICLO NOVA AHORRO II,nombre,2026-08-24
212,63239,HF BALANCEADO,nombre,2026-08-24
221,63257,FIMA AHORRO PESOS,nombre,2026-08-24
232,63459,Premier Renta Fija Crecimiento Ex Premier Bonos MP,nombre_sin_ex,2026-08-24
236,63339,Alpha Retorno Total Ex Alpha Renta Mixta Serie 1 E,nombre_sin_ex,2026-08-24
237,63340,Alpha Planeamiento Dinamico Ex Alpha Renta Mixta S,nombre_sin_ex,2026-08-24
238,63341,Alpha Planeamiento Equilibrado Ex Alpha Renta Mixt,nombre_sin_ex,2026-08-24
242,63342,Alpha Mercosur Ex Alpha Brazil Ex 1784 BRAZIL Ex A,nombre_sin_ex,2026-08-24
244,63358,1822- RAICES AHORRO PESOS Ex 1822 RAICES PESOS FON,nombre_sin_ex,2026-08-24
247,63301,F.C.I. LOMBARD AHORRO Ex LOMBARD AHORRO EN USD F.C,nombre_sin_ex,2026-08-24
251,63366,SBS TAVELLI MIX,nombre,2026-08-24
270,63313,CONSULTATIO INCOME FUND F.C.I. Ex CONSULTATIO INCO,nombre_sin_ex,2026-08-24
271,63312,CONSULTATIO ACCIONES ARGENTINA F.C.I. Ex CONSULTAT,nombre_sin_ex,2026-08-24
276,63362,Optimum FAE Fondo de Aplicaciones Especiales,nombre,2026-08-24
279,63460,Premier Renta Variable Ex Premier Acciones,nombre_sin_ex,2026-08-24
281,63461,Premier Renta CP en Pesos,nombre,2026-08-24
3,63254,FIMA ACCIONES,nombre,2026-08-24
305,63361,OPTIMUM DYNAMIC BALANCED FUND,nombre,2026-08-24
319,63308,PELLEGRINI RENTA FIJA,nombre,2026-08-24
351,63296,1810-RENTA VARIABLE ARGENTINA FCI,nombre,2026-08-24
353,63222,Compass Renta Fija Ex i+ Renta Fija,nombre_sin_ex,2026-08-24
361,63464,Premier Renta Fija Ahorro Ex Premier Renta Fija Ah,nombre_sin_ex,2026-08-24
365,63314,CONSULTATIO DEUDA ARGENTINA F.C.I. Ex CONSULTATIO,nombre_sin_ex,2026-08-24
373,63225,Schroder Corto Plazo Fondo Común de Inversión,nombre,2026-08-24
376,63272,FBA RENTA FIJA PESOS II,nombre,2026-08-24
391,63347,Alpha Renta Fija Global Ex Alpha Renta Fija Serie,nombre_sin_ex,2026-08-24
392,63346,Alpha Renta Fija Serie 4 Ex 1784 Renta Fija Serie,nombre_sin_ex,2026-08-24
394,63294,1810-AHORRO FCI Ex 1810-AHORRO DOLAR FCI,nombre_sin_ex,2026-08-24
421,63221,Compass Crecimiento Ex i+ Crecimiento,nombre_sin_ex,2026-08-24
422,63223,Compass Opportunity Ex i+ Corto Plazo,nombre_sin_ex,2026-08-24
423,63198,FBA HORIZONTE Fondo Común de Inversión,nombre,2026-08-24
428,63309,PELLEGRINI INTEGRAL,nombre,2026-08-24
429,63231,Schroder Capital Renta Fija Fondo Común de Inversi,nombre,2026-08-24
431,63384,SCHRODER INFRAESTRUCTURA FONDO COMÚN DE INVERSIÓN ABIERTO PARA EL FINANCIAMIENTO DE LA INFRAESTRUCTURA Y LA ECONOMÍA REAL,nombre,2026-08-24
437,63277,CMA Protección Fondo Común de Inversión Ex CMA PRO,nombre_sin_ex,2026-08-24
445,63383,Fima Premium,nombre,2026-08-24
446,63368,SBS TAVELLI RENTA,nombre,2026-08-24
460,63399,PIONERO RENTA PESOS ex Goal Renta Pesos,nombre_sin_ex,2026-08-24
466,63348,Alpha Pesos Ex 1784 INVERSION PESOS,nombre_sin_ex,2026-08-24
467,63244,PIONERO PESOS,nombre,2026-08-24
468,63360,Optimum Global Investment Grade,nombre,2026-08-24
469,63276,Gainvest FF Ex GAINVEST FF Ex GAINVEST FIDE,nombre_sin_ex,2026-08-24
470,63401,Galileo Event Driven FCI,nombre,2026-08-24
475,63375,GAINVEST RENTA FIJA,nombre,2026-08-24
481,63402,Alpha Renta Capital Pesos Ex 1784 RENTA CAPITAL PE,nombre_sin_ex,2026-08-24
482,63481,PREMIER RENTA PLUS EN PESOS,nombre,2026-08-24
483,63408,Alpha Renta Capital Ex Alpha Renta Capital Dólares,nombre_sin_ex,2026-08-24
488,63413,Optimum Renta Mixta Flexible Ex Optimum Renta Vari,nombre_sin_ex,2026-08-24
489,63466,Optimum CDB Pesos Ultra Ex Optimum Renta Variable,nombre_sin_ex,2026-08-24
490,63477,Optimum Renta Variable III,nombre,2026-08-24
491,63478,Optimum Global Renta Mixta Ex Optimum Renta Variab,nombre_sin_ex,2026-08-24
492,63479,Optimum Renta Fija Argentina,nombre,2026-08-24
493,63437,Optimum Renta Mixta Flexible Argentina Ex OPTIMUM,nombre_sin_ex,2026-08-24
503,63418,DELTA RENTA,nombre,2026-08-24
504,63434,DELTA LATINOAMERICA,nombre,2026-08-24
505,63416,DELTA ACCIONES,nombre,2026-08-24
506,63417,DELTA AHORRO,nombre,2026-08-24
508,63490,1822 RAICES VALORES FIDUCIARIOS,nombre,2026-08-24
510,63439,FBA RENTA FIJA PESOS I,nombre,2026-08-24
511,63456,Compass Argentina F.C.I. Abierto PYMES Ex Compass,nombre_sin_ex,2026-08-24
514,63432,MEGAQM ESTRATEGIA 7,nombre,2026-08-24
515,63431,MEGAQM AHORRO,nombre,2026-08-24
517,63450,GSS I   FCI,nombre,2026-08-24
518,63451,GSS II   FCI,nombre,2026-08-24
519,63452,GSS III   FCI,nombre,2026-08-24
531,63471,DELTA SELECT,nombre,2026-08-24
532,63474,DELTA INTERNACIONAL,nombre,2026-08-24
533,63472,DELTA GESTIÓN IV,nombre,2026-08-24
534,63469,DELTA MONEDA,nombre,2026-08-24
535,63470,DELTA RECURSOS NATURALES,nombre,2026-08-24
536,63473,DELTA PESOS,nombre,2026-08-24
537,63524,FBA ACCIONES ARGENTINAS Fondo Común de Inversión,nombre,2026-08-24
542,63480,PIONERO RENTA AHORRO,nombre,2026-08-24
550,63497,PIONERO FF,nombre,2026-08-24
551,63491,GAINVEST RENTA FIJA DOLARES,nombre,2026-08-24
552,63500,Lombard Capital F.C.I.,nombre,2026-08-24
556,63507,FBA BONOS GLOBALES Fondo Común de Inversión,nombre,2026-08-24
560,63503,FBA RENTA FIJA PESOS PLUS I,nombre,2026-08-24
561,63502,Probolsa Fondo Común de Inversión,nombre,2026-08-24
562,63519,Compass Renta Fija II FCI Ex COMPASS GLOBAL ALLOCA,nombre_sin_ex,2026-08-24
563,63508,Compass Crecimiento II FCI,nombre,2026-08-24
564,63509,COMPASS RENTA MIXTA DÓLARES FCI,nombre,2026-08-24
566,63511,Compass Renta Fija III FCI Ex Compass USA FCI,nombre_sin_ex,2026-08-24
567,63512,Compass Ahorro FCI Ex Compass EURO FCI,nombre_sin_ex,2026-08-24
568,63513,IAM Renta Variable Ex Cardinal Renta Variable Arge,nombre_sin_ex,2026-08-24
571,63517,Adcap Renta Fija,nombre,2026-08-24
575,63520,ARPENTA ACCIONES ARGENTINA,nombre,2026-08-24
576,63521,SBS ACCIONES ARGENTINA F.C.I.,nombre,2026-08-24
577,63522,SBS AHORRO PESOS F.C.I.,nombre,2026-08-24
578,63523,SBS RENTA PESOS FCI,nombre,2026-08-24
579,63525,Optimum Renta Fija Estrategica Ex OPTIMUM CDB PESO,nombre_sin_ex,2026-08-24
581,63529,Galileo Argentina FCI,nombre,2026-08-24
582,63526,ALLARIA ACCIONES FCI   Ex AL RENTA VARIABLE FC),nombre_sin_ex,2026-08-24
584,63527,ALLARIA AHORRO FCI Ex AL AHORRO FCI,nombre_sin_ex,2026-08-24
585,63681,TORONTO TRUST SPECIAL OPPORTUNITIES FCI,nombre,2026-08-24
586,63531,QUIRON SAVINGS  FONDO COMUN DE INVERSION,nombre,2026-08-24
589,63536,DELTA EMPRESAS ARGENTINAS FONDO COMÚN DE INVERSIÓN ABIERTO PYMES,nombre,2026-08-24
590,63547,SCHRODER DESARROLLO Y CRECIMIENTO FONDO COMUN DE INVERSION ABIERTO PYMEs,nombre,2026-08-24
591,63540,ALLARIA RENTA MIXTA II FCI Ex AL RENTA MIXTA II FC,nombre_sin_ex,2026-08-24
594,63549,OPTIMUM GLOBAL BALANCED,nombre,2026-08-24
599,63554,CONSULTATIO ESTRATÉGICO FCI,nombre,2026-08-24
60,63330,Alpha Renta Fija Serie 7 Ex 1784 Renta Fija Serie,nombre_sin_ex,2026-08-24
600,63555,CONSULTATIO RENTA PLUS FCI,nombre,2026-08-24
603,63553,ALLARIA AHORRO PLUS FCI Ex AL AHORRO PLUS FCI,nombre_sin_ex,2026-08-24
605,63557,DELTA FEDERAL I,nombre,2026-08-24
606,63558,DELTA AHORRO PLUS,nombre,2026-08-24
607,63559,DELTA MULTIMERCADO I,nombre,2026-08-24
608,63560,SBS BALANCEADO FCI,nombre,2026-08-24
609,63563,SBS Gestion Renta Fija FCI,nombre,2026-08-24
61,63245,PIONERO ACCIONES Ex PIONERO CRECIMIENTO,nombre_sin_ex,2026-08-24
610,63561,SBS ESTRATEGIA FCI,nombre,2026-08-24
611,63565,Alpha Pesos Plus,nombre,2026-08-24
612,63564,Schroder Renta Global Fondo Común de Inversión,nombre,2026-08-24
613,63562,Gainvest Fondo Común de Inversión Abierto Pymes,nombre,2026-08-24
614,63567,ALPHA RENTA PLUS,nombre,2026-08-24
617,63574,Compass Renta Mixta F.C.I. Ex Compass Natural Reso,nombre_sin_ex,2026-08-24
618,63573,Compass Renta Plus F.C.I. Ex Compass Pacific II F.,nombre_sin_ex,2026-08-24
619,63570,ALLARIA RENTA FIJA FCI Ex AL RENTA FIJA FCI,nombre_sin_ex,2026-08-24
62,63677,TORONTO TRUST FCI,nombre,2026-08-24
621,63572,PELLEGRINI EMPRESAS ARGENTINAS FONDO COMUN DE INVE,nombre_truncado,2026-08-24
622,63575,Fondo Común de Inversión Gainvest Renta Fija Plus,nombre,2026-08-24
624,63576,DELTA GESTIÓN I,nombre,2026-08-24
625,63577,DELTA GESTIÓN II,nombre,2026-08-24
626,63579,Galileo FCI Abierto Pymes,nombre,2026-08-24
627,63578,Galileo Ahorro FCI,nombre,2026-08-24
628,63581,CONSULTATIO RENTA FIJA ARGENTINA F.C.I. Ex CONSULT,nombre_sin_ex,2026-08-24
629,63582,CONSULTATIO AHORRO PLUS ARGENTINA F.C.I.,nombre,2026-08-24
630,63590,Schroder Renta Global Dos Fondo Común de Inversión,nombre,2026-08-24
631,63583,QUIRON FIXED INCOME FONDO COMUN DE INVERSION,nombre,2026-08-24
632,63589,BALANZ RETORNO TOTAL FCI Ex Invertir Global,nombre_sin_ex,2026-08-24
636,63588,MAF Pesos Plus FCI,nombre,2026-08-24
637,63584,MAF Money Market FCI,nombre,2026-08-24
638,63591,Balanz Capital Renta Fija,nombre,2026-08-24
639,63594,ALPHA RENTA BALANCEADA GLOBAL,nombre,2026-08-24
641,63592,FIMA AHORRO PLUS,nombre,2026-08-24
643,63598,SBS PESOS PLUS FCI,nombre,2026-08-24
644,63599,SBS RETORNO TOTAL FCI,nombre,2026-08-24
647,63595,ALLARIA RENTA MIXTA FCI Ex AL RENTA MIXTA FCI,nombre_sin_ex,2026-08-24
648,63605,ARPENTA AHORRO PESOS,nombre,2026-08-24
650,63602,Gainvest Regional,nombre,2026-08-24
651,63600,Gainvest Renta Variable,nombre,2026-08-24
652,63604,CONSULTATIO RENTA MIXTA F.C.I. Ex CONSULTATIO RECU,nombre_sin_ex,2026-08-24
653,63603,CONSULTATIO RENTA VARIABLE F.C.I.,nombre,2026-08-24
654,63614,ARGENFUNDS Renta Fija F.C.I.,nombre,2026-08-24
655,63613,ARGENFUNDS Ahorro Pesos F.C.I.,nombre,2026-08-24
656,63606,PELLEGRINI RENTA FIJA AHORRO F.C.I.,nombre,2026-08-24
657,63622,PELLEGRINI AGRO F.C.I.,nombre,2026-08-24
658,63617,Premier Commodities Ex Premier Commodities Agrario,nombre_sin_ex,2026-08-24
662,63608,SBS TAVELLI GLOBAL,nombre,2026-08-24
665,63620,PIONERO PESOS PLUS Ex PIONERO CONSUMO,nombre_sin_ex,2026-08-24
669,63619,MEGAQM PERFORMANCE II,nombre,2026-08-24
670,63621,Adcap Moneda,nombre,2026-08-24
671,63624,CONSULTATIO RENTA BALANCEADA F.C.I.,nombre,2026-08-24
672,63623,CONSULTATIO RENTA LOCAL F.C.I.,nombre,2026-08-24
673,63625,CONSULTATIO RENTA NACIONAL F.C.I.,nombre,2026-08-24
674,63627,Fima Capital Plus,nombre,2026-08-24
675,63633,Galileo Premium FCI,nombre,2026-08-24
676,63628,MegaQM COBERTURA,nombre,2026-08-24
677,63636,Schroder Retorno Absoluto Fondo Común de Inversión,nombre,2026-08-24
678,63634,Gainvest Renta Fija Protección Plus Ex Gainvest Pr,nombre_sin_ex,2026-08-24
679,63635,Gainvest Balanceado,nombre,2026-08-24
680,63629,MAF RENTA BALANCEADA 2 FONDO COMÚN DE INVERSIÓN,nombre,2026-08-24
681,63630,MAF AHORRO PESOS,nombre,2026-08-24
682,63631,MAF RENTA FIJA COBERTURA FONDO COMÚN DE INVERSIÓN,nombre,2026-08-24
684,63639,Balanz Capital Ahorro Fondo Comun de Inversiónes,nombre,2026-08-24
686,63641,Adcap Balanceado I,nombre,2026-08-24
687,63642,Adcap  Acciones,nombre,2026-08-24
688,63643,Adcap Pesos Plus,nombre,2026-08-24
689,63659,Schroder Renta Global Tres Fondo Común de Inversió,nombre,2026-08-24
69,63259,FIMA RENTA PESOS,nombre,2026-08-24
691,63638,PELLEGRINI CRECIMIENTO F.C.I. Ex PELLEGRINI EXPORT,nombre_sin_ex,2026-08-24
692,63644,MAF Renta Argentina FCI,nombre,2026-08-24
693,81091,ADCAP Cima Renta Fija Argentina Plus FCI,nombre,2026-08-24
694,63772,Compass Renta Fija IV F.C.I.,nombre,2026-08-24
699,63684,TORONTO TRUST MULTIMERCADO FCI,nombre,2026-08-24
70,88310,FCI CONOSUR AHORRO DÓLAR,nombre,2026-08-24
700,63680,TORONTO TRUST RENTA FIJA FCI,nombre,2026-08-24
701,63682,TORONTO TRUST RENTA FIJA PLUS FCI,nombre,2026-08-24
702,63649,ST Renta Fija FCI,nombre,2026-08-24
703,63655,ST Renta Mixta FCI,nombre,2026-08-24
705,63657,CONSULTATIO GESTIÓN X FCI,nombre,2026-08-24
706,63658,CONSULTATIO DIAMANTE PLUS FCI,nombre,2026-08-24
707,63683,TORONTO TRUST AHORRO FCI,nombre,2026-08-24
709,63668,GestionAr RENTA FIJA F.C.I.,nombre,2026-08-24
71,63398,PIONERO ACCIONES PLUS ex Goal Acciones Plus,nombre_sin_ex,2026-08-24
711,63662,ARGENFUNDS Abierto Pymes F.C.I.,nombre,2026-08-24
712,63660,1822 RAÍCES INVERSIÓN FONDO COMÚN DE INVERSIÓN,nombre,2026-08-24
713,63661,CONSULTATIO CRECIMIENTO FCI Ex CONSULTATIO ECONOMÍ,nombre_sin_ex,2026-08-24
714,63665,ALLARIA RENTA BALANCEADA I FCI Ex AL RENTA BALANCE,nombre_sin_ex,2026-08-24
716,63664,Schroder Pesos F.C.I.,nombre,2026-08-24
717,63663,Schroder Renta Plus F.C.I.,nombre,2026-08-24
719,63666,MAF Renta Mixta FCI,nombre,2026-08-24
720,63678,TORONTO TRUST ABIERTO PYMES FCI,nombre,2026-08-24
721,63679,TORONTO TRUST GLOBAL CAPITAL FCI,nombre,2026-08-24
723,63674,ARGENFUNDS Renta Pesos F.C.I.,nombre,2026-08-24
724,63675,ARGENFUNDS Renta Argentina F.C.I.,nombre,2026-08-24
725,63671,MAF Renta Balanceada FCI,nombre,2026-08-24
726,63672,MEGAQM ESTRATEGIA 8,nombre,2026-08-24
727,63687,Premier Capital,nombre,2026-08-24
728,63688,MegaQM Retorno Total,nombre,2026-08-24
730,63702,PIONERO PERFORMANCE ex Goal Performace FCI,nombre_sin_ex,2026-08-24
733,63706,LOMBARD ABIERTO PLUS,nombre,2026-08-24
734,81093,ADCAP Cima Renta Fija Nacional FCI,nombre,2026-08-24
735,63691,PELLEGRINI RENTA FIJA PÚBLICA FONDO COMÚN DE INVER,nombre,2026-08-24
737,63693,MegaQM Pesos,nombre,2026-08-24
738,81095,ADCAP Cima Renta Total FCI,nombre,2026-08-24
739,63707,LOMBARD PESOS PLUS F.C.I. Ex FONDO COMUN DE INVERS,nombre_sin_ex,2026-08-24
740,63695,Cohen Cobertura,nombre,2026-08-24
741,63701,MAF Ahorro FCI,nombre,2026-08-24
743,63699,Gainvest Capital Fondo Común de Inversión,nombre,2026-08-24
744,63700,Gainvest Crecimiento Fondo Común de Inversión,nombre,2026-08-24
746,63713,MegaQM Renta Mixta,nombre,2026-08-24
748,63712,DELTA PERFORMANCE,nombre,2026-08-24
749,63711,DELTA GESTIÓN III,nombre,2026-08-24
750,63733,SBS RENTA DÓLAR ARGENTINA FCI,nombre,2026-08-24
751,63725,SBS RENTA CAPITAL FCI,nombre,2026-08-24
752,63724,SBS CAPITAL PLUS FCI,nombre,2026-08-24
753,63734,SBS RENTA DÓLAR LATAM FCI,nombre,2026-08-24
754,63708,MEGAQM ESTRATEGIA 4,nombre,2026-08-24
755,63709,MEGAQM ACCIONES,nombre,2026-08-24
756,63710,MEGAQM ESTRATEGIA 5,nombre,2026-08-24
757,63714,Optimum Total Return FCI Ex Optimum FCI Abierto Py,nombre_sin_ex,2026-08-24
760,63717,Megainver Renta Global,nombre,2026-08-24
761,63723,ALLARIA RENTA BALANCEADA II FCI Ex AL RENTA BALANC,nombre_sin_ex,2026-08-24
763,63719,Galileo Acciones FCI,nombre,2026-08-24
764,63720,Galileo Renta Fija FCI,nombre,2026-08-24
765,80617,Galileo Ahorro Plus,nombre,2026-08-24
766,63742,LOMBARD ACCIONES LIDERES,nombre,2026-08-24
767,63729,Optimum Renta Fija Dólares FCI Ex Optimum Desarrol,nombre_sin_ex,2026-08-24
769,63735,MegaQM Balanceado,nombre,2026-08-24
770,63736,MEGAQM ESTRATEGIA 6,nombre,2026-08-24
774,63726,IAM Ahorro Pesos FCI,nombre,2026-08-24
775,63727,IAM Renta Plus FCI,nombre,2026-08-24
776,63728,IAM Renta Crecimiento FCI,nombre,2026-08-24
778,63746,CONSULTATIO ONE AHORRO FCI,nombre,2026-08-24
779,63730,CONSULTATIO RETORNO ABSOLUTO F.C.I,nombre,2026-08-24
78,63246,PIONERO RENTA,nombre,2026-08-24
780,63731,CONSULTATIO ESTRATEGIA F.C.I.,nombre,2026-08-24
781,63732,CONSULTATIO RENTA Y CAPITAL F.C.I.,nombre,2026-08-24
782,63744,Balanz Renta Fija Estrategica FCI Ex Balanz Capital Mixta,nombre_sin_ex,2026-08-24
783,63745,BALANZ EXCALIBUR REGISSEUR Ex Balanz Subsoberano,nombre_sin_ex,2026-08-24
784,63743,Gainvest Pesos,nombre,2026-08-24
785,63754,CONSULTATIO RENTA PESOS FCI,nombre,2026-08-24
786,63751,Balanz Acciones Ex Balanz Capital Acciones Argenti,nombre_sin_ex,2026-08-24
787,63747,IAM FCI Abierto PYMES,nombre,2026-08-24
788,63748,Optimum Global Opportunity FCI,nombre,2026-08-24
789,63749,Optimum Multi Asset Fund FCI,nombre,2026-08-24
79,63331,Alpha Renta Cobertura Ex Alpha Renta Fija Serie 8,nombre_sin_ex,2026-08-24
794,63769,MAF AHORRO PLUS,nombre,2026-08-24
795,63752,CMA Performance Fondo Común de Inversión,nombre,2026-08-24
797,63770,Premier Inversión,nombre,2026-08-24
798,63763,PIONERO RENTA MIXTA I,nombre,2026-08-24
80,63332,Alpha Mega Ex 1784 MEGA,nombre_sin_ex,2026-08-24
800,63765,PIONERO RENTA AHORRO PLUS,nombre,2026-08-24
801,63750,ALLARIA GESTION FCI Ex AL FCI ABIERTO PARA PROYECT,nombre_sin_ex,2026-08-24
802,63771,FIMA MIX I,nombre,2026-08-24
805,63762,MEGAQM ACCIONES LATAM,nombre,2026-08-24
807,63777,Adcap Balanceado VI,nombre,2026-08-24
808,63775,IAM Renta Mixta FCI,nombre,2026-08-24
809,63776,IAM Renta Capital FCI,nombre,2026-08-24
811,63806,MAF Estrategia FCI,nombre,2026-08-24
812,63778,GSS RETORNO TOTAL FCI,nombre,2026-08-24
813,63779,GSS COBERTURA FCI,nombre,2026-08-24
814,63783,GSS RENTA FIJA ARGENTINA FCI,nombre,2026-08-24
815,63773,DELTA GESTIÓN V,nombre,2026-08-24
816,63774,DELTA GESTIÓN VI,nombre,2026-08-24
817,63794,CONSULTATIO GLOBAL FCI,nombre,2026-08-24
818,63795,CONSULTATIO RETORNO TOTAL FCI,nombre,2026-08-24
819,81096,Cima Renta Variable F.C.I.,nombre,2026-08-24
820,63799,ARGENFUNDS Renta Balanceada F.C.I.,nombre,2026-08-24
821,63800,ARGENFUNDS Renta Mixta F.C.I.,nombre,2026-08-24
822,63801,ARGENFUNDS Renta Total F.C.I.,nombre,2026-08-24
823,63802,ARGENFUNDS Renta Global F.C.I.,nombre,2026-08-24
824,63803,ARGENFUNDS Renta Flexible F.C.I.,nombre,2026-08-24
825,63804,ARGENFUNDS Renta Dinamica F.C.I.,nombre,2026-08-24
826,63954,PIONERO PERFORMANCE II ex Goal Performance II,nombre_sin_ex,2026-08-24
827,63955,PIONERO PERFORMANCE III ex Goal Performance III,nombre_sin_ex,2026-08-24
828,63928,PIONERO RETORNO TOTAL ex Goal Retorno Total,nombre_sin_ex,2026-08-24
829,63814,FBA RENTA MIXTA Fondo Común de Inversión,nombre,2026-08-24
830,63815,FBA GESTIÓN I,nombre,2026-08-24
831,63784,Schroder Retorno Total Fondo Común de Inversión,nombre,2026-08-24
832,63785,Schroder Multiactivos Fondo Común de Inversión,nombre,2026-08-24
833,63786,Schroder Balanceado Fondo Común de Inversión,nombre,2026-08-24
834,63790,Gainvest Capital II,nombre,2026-08-24
835,63791,Gainvest Capital III,nombre,2026-08-24
836,63792,Gainvest Crecimiento II,nombre,2026-08-24
837,63793,Gainvest Crecimiento III,nombre,2026-08-24
838,63807,HF RETORNO TOTAL,nombre,2026-08-24
842,63796,PIONERO AHORRO DOLARES,nombre,2026-08-24
843,63797,PIONERO RENTA FIJA DOLARES,nombre,2026-08-24
845,63838,MAF GESTIÓN ACTIVA,nombre,2026-08-24
847,63819,SBS PATRIMONIO IV FCI,nombre,2026-08-24
848,63833,SBS PATRIMONIO FCI,nombre,2026-08-24
849,63805,DELTA RENTA DÓLARES,nombre,2026-08-24
851,63813,ST Retorno Total Dólares FCI,nombre,2026-08-24
855,63816,ALLARIA RENTA MIXTA DOLARES FCI,nombre,2026-08-24
857,63821,Premier Estratégico,nombre,2026-08-24
859,63823,Premier Renta Mixta,nombre,2026-08-24
860,63820,Premier Renta Mixta en Dólares,nombre,2026-08-24
861,63826,Integrae Acciones,nombre,2026-08-24
862,63827,Integrae S&C Retorno Total Ex Integrae Renta Mixta,nombre_sin_ex,2026-08-24
863,63828,Integrae Renta Fija,nombre,2026-08-24
864,63844,GSS ENERGIA FCI,nombre,2026-08-24
865,63832,SBS DÓLAR PLUS LEY 27.260 FCI,nombre,2026-08-24
866,63831,ALYCBUR RENTA DOLAR,nombre,2026-08-24
874,63830,Cohen Renta Fija Argentina Ex Cohen Liquidez Ley 2,nombre_sin_ex,2026-08-24
876,63944,Balanz Ahorro en Dolares FCI Ex BALANZ DÓLARES Ley,nombre_sin_ex,2026-08-24
878,63835,CMA RENTA DOLAR,nombre,2026-08-24
883,63837,CONSULTATIO LIQUIDEZ DÓLAR,nombre,2026-08-24
884,81097,Cima Renta Dólares Corto Plazo FCI,nombre,2026-08-24
889,63850,MEGAQM CORPORATIVO DOLARES,nombre,2026-08-24
890,63862,LOMBARD RENTA FIJA EN DOLARES F.C.I.,nombre,2026-08-24
895,63923,MEGAQM LIQUIDEZ DÓLAR,nombre,2026-08-24
896,63851,SBS RENTA PATRIMONIO FCI,nombre,2026-08-24
897,63852,SBS MULTIACTIVOS FCI,nombre,2026-08-24
898,63856,TORONTO TRUST LIQUIDEZ DOLAR FCI,nombre,2026-08-24
899,63860,FIRST RENTA AGRO FCIC LEY 27.260,nombre,2026-08-24
903,63878,ARGENFUNDS Renta Capital FCI,nombre,2026-08-24
904,63879,ARGENFUNDS Renta Crecimiento FCI,nombre,2026-08-24
906,63941,MEGAQM RENTA FIJA LATAM,nombre,2026-08-24
908,63869,Balanz Capital Renta Fija en Dolares,nombre,2026-08-24
912,63894,Schroder Retorno Total Dos F.C.I.,nombre,2026-08-24
913,63892,TORONTO TRUST ARGENTINA 2021 F.C.I.,nombre,2026-08-24
914,63870,IAM Renta Dólares FCI,nombre,2026-08-24
915,63858,FIRST RENTA PESOS FCI,nombre,2026-08-24
916,63859,FIRST RENTA DOLARES FCI,nombre,2026-08-24
917,63885,Gainvest Estrategia I,nombre,2026-08-24
918,63886,Gainvest Estrategia II,nombre,2026-08-24
919,63887,Gainvest Estrategia III,nombre,2026-08-24
920,63888,Gainvest Global I,nombre,2026-08-24
921,63889,Gainvest Global II,nombre,2026-08-24
922,63890,Gainvest Global III,nombre,2026-08-24
923,63893,MEGAQM RETORNO ABSOLUTO,nombre,2026-08-24
926,63867,FCIC Inmobiliario Al Río Ley 27.260,nombre,2026-08-24
930,63883,ALLARIA DIVERSIFICADO FCI Ex AL DIVERSIFICADO FCI,nombre_sin_ex,2026-08-24
931,63884,ALLARIA DÓLAR LATAM FCI,nombre,2026-08-24
933,63872,FBA HORIZONTE PLUS Fondo Común de Inversión,nombre,2026-08-24
938,63891,PIONERO RENTA DOLARES ex Goal Renta Dólares,nombre_sin_ex,2026-08-24
942,63880,DRACMA BALANCEADO,nombre,2026-08-24
944,63882,Adcap Renta Dolar,nombre,2026-08-24
945,63952,Balanz Institucional Ex Balanz Capital Multimercado I,nombre_sin_ex,2026-08-24
947,63912,PELLEGRINI RENTA DOLARES,nombre,2026-08-24
948,63913,PELLEGRINI RENTA PUBLICA FEDERAL F.C.I,nombre,2026-08-24
949,63924,MEGAQM GESTIÓN DÓLARES I,nombre,2026-08-24
951,63926,MegaQM Provincial,nombre,2026-08-24
954,81670,IAM Renta Balanceada FCI,nombre,2026-08-24
955,63933,IAM Estrategia FCI,nombre,2026-08-24
956,63968,Mercado Fondo Ex IAM Retorno Total FCI,nombre_sin_ex,2026-08-24
958,63898,Galileo Estrategia FCI,nombre,2026-08-24
959,63897,Galileo Income FCI,nombre,2026-08-24
961,63917,Adcap Balanceado XIII,nombre,2026-08-24
962,63902,Delta Gestion VII,nombre,2026-08-24
963,63903,Delta Retorno Real,nombre,2026-08-24
964,63900,MEGAQM ESTRATEGIA 9,nombre,2026-08-24
965,63915,TORONTO TRUST RETORNO TOTAL FCI,nombre,2026-08-24
966,63914,TORONTO TRUST CRECIMIENTO FCI,nombre,2026-08-24
968,63905,CONSULTATIO ARBITRAJE FCI,nombre,2026-08-24
969,63906,CONSULTATIO MULTIESTRATEGIA FCI,nombre,2026-08-24
970,63907,CONSULTATIO RENTA DOLARES FCI,nombre,2026-08-24
971,63908,CONSULTATIO TACTICO FCI,nombre,2026-08-24
972,63943,Balanz Capital Sudamericano FCI Ex Balanz Capital sudamerica Dolares,nombre_sin_ex,2026-08-24
973,63922,1822 RAICES DOLARES PLUS,nombre,2026-08-24
974,63918,1810 MÁS AHORRO,nombre,2026-08-24
975,63919,1810 RENTA FIJA ARGENTINA,nombre,2026-08-24
978,63930,FBA RETORNO TOTAL I Fondo Común de Inversión,nombre,2026-08-24
980,63936,ALLARIA ESTRATÉGICO FCI,nombre,2026-08-24
981,63935,ALLARIA ESTRUCTURADO FCI,nombre,2026-08-24
982,63920,Fundcorp Performance,nombre,2026-08-24
983,63921,Fundcorp Performance Plus,nombre,2026-08-24
984,63942,LOMBARD AHORRO PLUS F.C.I.,nombre,2026-08-24
985,81222,ALLARIA DOLAR GLOBAL FCI,nombre,2026-08-24
986,63945,SMSV Renta en Dólares FCI,nombre,2026-08-24
987,63946,CONSULTATIO SMSV RENTA EN PESOS FCI,nombre,2026-08-24
988,63947,CONSULTATIO GESTIÓN IX FCI,nombre,2026-08-24
991,63951,GNNW SBS FCIC GANADERO W86,nombre,2026-08-24
993,63960,CMA ACCIONES,nombre,2026-08-24
996,63975,Delta Patrimonio I,nombre,2026-08-24
997,81066,Delta Renta Dolares Plus,nombre,2026-08-24
998,63973,Delta Multimercado II,nombre,2026-08-24
