ticker_papel,nombre_largo,mercado_origen,sic_titulo,estrategia_etf,pais,fuente,verificado
AAL,American Airlines Group Inc,NASDAQ,"Air Transportation, Scheduled",,,,
AAP,Advanced Auto Parts Inc,NYSE,Retail-Auto & Home Supply Stores,,,,
AAPL,Apple Inc.,NASDAQ,Electronic Computers,,,,
ABBV,AbbVie Inc.,NYSE,Pharmaceutical Preparations,,,,
ABEV,Ambev S.A.,NASDAQ,Beverages,,,,
ABEV3,Ambev S.A.,B3,,,,,
ABNB,Airbnb Inc,NASDAQ GS,Services-To Dwellings & Other Buildings,,,,
ABT,Abbott Labs,NYSE,Pharmaceutical Preparations,,,,
ACN,Accenture,NYSE,"Services-Business Services, NEC",,,,
ACWI,iShares MSCI ACWI ETF,NASDAQ,,geografico,,,
ADBE,Adobe Systems Incorporated,NASDAQ,Services-Prepackaged Software,,,,
ADGO,Adecoagro S.A.,NYSE,,,,,
ADI,Analog Devices,NASDAQ,Semiconductors & Related Devices,,,,
ADP,Automatic Data Processing Inc.,NASDAQ,Services-Computer Processing & Data Preparation,,,,
ADS,Adidas AG,XETRA,,,,,
AEG,Aegon N.V.,NYSE,Life Insurance,,,,
AEM,Agnico Eagle Mines Limited,NYSE,Gold and Silver Ores,,,,
AI,C3.AI INC,NYSE,Services-Prepackaged Software,,,,
AIG,American International Group (AIG),NYSE,"Fire, Marine & Casualty Insurance",,,,
AKOBC,,,,,,,
AKOBD,,,,,,,
ALAC,,,,,,,
ALAD,,,,,,,
AMAT,Applied Materials Inc.,NASDAQ,Semiconductors & Related Devices,,,,
AMD,"Advanced Micro Devices, Inc.",NASDAQ,Semiconductors & Related Devices,,,,
AMGN,Amgen Inc.,NASDAQ,"Biological Products, (No Diagnostic Substances)",,,,
AMX,America Movil,NYSE,Telephone Communications (No Radiotelephone),,,,
AMZN,"Amazon.Com, Inc.",NYSE,Retail-Catalog & Mail-Order Houses,,,,
ANET,Arista Networks Inc.,NYSE,Computer Communications Equipment,,,,
ANF,Abercrombie & Fitch Co,NYSE,Retail-Family Clothing Stores,,,,
ARCO,Arcos Dorados Holdings Inc.,NYSE,Retail-Eating  Places,,,,
ARKK,ARK INNOVATION,NYSE Arca,,,,,
ARM,ARM Holdings Plc,NASDAQ,Semiconductors & Related Devices,,,,
ASML,ASML HOLDING NV,NASDAQ GS,"Special Industry Machinery, NEC",,,,
ASR,"Grupo Aeroportuario Del Sureste , S.A.B. de C.V.",NYSE,"Airports, Flying Fields & Airport Terminal Services",,,,
ASTS,AST SpaceMobile Inc,NASDAQ,"Communications Services, NEC",,,,
AVGO,Broadcom Inc.,NASDAQ,Semiconductors & Related Devices,,,,
AVY,Avery Dennison Corp.,NYSE,Converted Paper & Paperboard Prods (No Contaners/Boxes),,,,
AXIA,AXIA Energia S.A.,,Electric Services,,,,
AXIAD,AXIA Energia S.A.,,Electric Services,,,,
AXP,American Express Co,NYSE,Finance Services,,,,
AZN,Astrazeneca Plc,NYSE,Pharmaceutical Preparations,,,,
B,Barrick Gold Corp,NYSE,Gold and Silver Ores,,,,
BA,The Boeing Company,NYSE,Aircraft,,,,
BA.C,The Boeing Company,NYSE,Aircraft,,,,
BABA,Alibaba Group Holding Limited,NYSE,"Services-Business Services, NEC",,,,
BAK,Braskem SA,NYSE,Industrial Organic Chemicals,,,,
BAS,,,,,,,
BAYN,,,,,,,
BB,Blackberry Limited,NASDAQ,Services-Prepackaged Software,,,,
BBA3C,,,,,,,
BBA3D,,,,,,,
BBAS3,Banco do Brasil S.A.,B3,,,,,
BBD,Blackberry Limited,NASDAQ,Services-Prepackaged Software,,,,
BBDC,"Barings BDC, Inc.",,,,,,
BBDC3,Banco Bradesco S.A.,B3,,,,,
BBV,Bilbao Vizcaya Argentaria S.A.,NYSE,,,,,
BCS,Barclays Bank Plc,NYSE,"Commercial Banks, NEC",,,,
BHP,Bhp Group Ltd,NYSE,Metal Mining,,,,
BIDU,"Baidu, Inc.",NASDAQ,"Services-Computer Programming, Data Processing, Etc.",,,,
BIIB,Biogen Inc.,NASDAQ,"Biological Products, (No Diagnostic Substances)",,,,
BIOX,Bioceres Crop Solutions Corp.,NYSE American,Agricultural Chemicals,,,,
BKC*,,,,,,,
BKNG,Booking,NASDAQ,Transportation Services,,,,
BKR,Baker Hughes Co,NASDAQ,Oil & Gas Field Machinery & Equipment,,,,
BMNR,"Bitmine Inmersion Technologies, Inc.",NYSE,Finance Services,,,,
BMY,Bristol-Myers Squibb Company,NYSE,Pharmaceutical Preparations,,,,
BNG,Bunge Limited,NYSE,,,,,
BNY,Bank of New York Mellon Corp,,State Commercial Banks,,,,
BP,BP PCL,NYSE,Petroleum Refining,,,,
BPA11,Banco BTG Pactual S.A.,B3,,,,,
BRKB,Berkshire Hathaway Inc.,NYSE,,,,,
BSBR,Banco Santander (Brasil) S.A.,NYSE,"Commercial Banks, NEC",,,,
BSN,,,,,,,
BX,Blackstone Inc.,NYSE,Investment Advice,,,,
C,Citigroup Inc,NYSE,National Commercial Banks,,,,
CAAP,Corporación America Airports S.A.,NYSE,"Airports, Flying Fields & Airport Terminal Services",,,,
CAH,Cardinal Health Inc,NYSE,"Wholesale-Drugs, Proprietaries & Druggists' Sundries",,,,
CAR,Avis Budget Group Inc.,NASDAQ,Services-Auto Rental & Leasing (No Drivers),,,,
CAT,Caterpillar Inc,NYSE,Construction Machinery & Equip,,,,
CC,Chemours Co,,Chemicals & Allied Products,,,,
CCJ,Cameco Corporation,NYSE,Miscellaneous Metal Ores,,,,
CCL,Carnival,NYSE,Water Transportation,,,,
CDE,Coeur Mining Inc.,NYSE,Gold and Silver Ores,,,,
CEG,CONSTELLATION ENERGY CORPORATION,NASDAQ GS,Electric Services,,,,
CIBR,First Trust NASDAQ Cybersecurity,NASDAQ GM,,sectorial,,,
CL,Colgate Palmolive Co,NYSE,"Perfumes, Cosmetics & Other Toilet Preparations",,,,
CLS,CELESTICA INC,NYSE,Printed Circuit Boards,,,,
COIN,Coinbase Global Inc,NASDAQ,Finance Services,,,,
COP,ConocoPhillips,NYSE,Petroleum Refining,,,,
COPX,Global X Copper Miners ETF,NYSE,,sectorial,,,
COST,Costco Wholesale Corp,NASDAQ,Retail-Variety Stores,,,,
CRM,Salesforce Inc.,NYSE,Services-Prepackaged Software,,,,
CRWD,"CrowdStrike Holdings, Inc.",NASDAQ GS,Services-Prepackaged Software,,,,
CRWV,CoreWeave Inc,NASDAQ,Services-Prepackaged Software,,,,
CSCO,Cisco Systems Inc,NASDAQ,Computer Communications Equipment,,,,
CSNA3,Companhia Siderúrgica Nacional S.A.,B3,,,,,
CVS,CVS Health,NYSE,Retail-Drug Stores and Proprietary Stores,,,,
CVX,Chevron Corp.,NYSE,Petroleum Refining,,,,
CX,Cemex S.A.B. de CV,NYSE,"Cement, Hydraulic",,,,
DAL,Delta Air Lines,NYSE,"Air Transportation, Scheduled",,,,
DD,Dupont de Nemours Inc.,NYSE,"Plastic Materials, Synth Resins & Nonvulcan Elastomers",,,,
DE,Deere & Co.,NYSE,Farm Machinery & Equipment,,,,
DECK,DECKERS OUTDOOR CORPORATION,NYSE,Rubber & Plastics Footwear,,,,
DEO,Diageo PLC,NYSE,Beverages,,,,
DHR,Danaher Corp,NYSE,"Industrial Instruments For Measurement, Display, and Control",,,,
DIA,SPDR DOW JONES INDUSTRIAL,NYSE Arca,,,,,
DISN,The Walt Disney Co.,NYSE,,,,,
DJN3C,,,,,,,
DJN3D,,,,,,,
DJNJ3,,,,,,,
DOCU,DocuSign Inc.,NASDAQ,Services-Prepackaged Software,,,,
DOW,DOW Inc,NYSE,"Plastic Materials, Synth Resins & Nonvulcan Elastomers",,,,
DTEA,Deutsche Telekom Ag,OTC US,,,,,
E,Eni Spa,NYSE,Crude Petroleum & Natural Gas,,,,
EBAY,Ebay Inc.,NASDAQ,"Services-Business Services, NEC",,,,
EC,ECOPETROL S.A.,,Crude Petroleum & Natural Gas,,,,
ECL,Ecolab Inc,NYSE,"Soap, Detergents, Cleang Preparations, Perfumes, Cosmetics",,,,
EEM,ISHARES MSCI EMERGING MARKET,NYSE Arca,,,,,
EFA,iShares MSCI EAFE ETF,NYSE,,geografico,,,
EFX,Equifax Inc.,NYSE,"Services-Consumer Credit Reporting, Collection Agencies",,,,
ELPC,ENERGY CO OF PARANA,,Electric Services,,,,
EMBJ,EMBRAER S.A.,,Aircraft,,,,
EOAN,,,,,,,
EQNR,Equinor Asa,NYSE,Petroleum Refining,,,,
ERIC,Lm Ericsson Telephone Co.,NASDAQ,Radio & Tv Broadcasting & Communications Equipment,,,,
ESGU,IShares ESG Aware MSCI USA ETF,NASDAQ,,esg,,,
ETHA,ISHARES ETHEREUM TR ETF,NASDAQ,Commodity Contracts Brokers & Dealers,cripto,,,
ETSY,Etsy Inc.,NASDAQ,"Services-Business Services, NEC",,,,
EWJ,iShares MSCI JAPAN ETF,NYSE Arca,,geografico,,,
EWY,iShares MSCI South Korea ETF,NYSE ARCA,,geografico,,,
EWZ,ISHARES MSCI BRAZIL CAP,NYSE Arca,,,,,
F,Ford Motor Company,NYSE,Motor Vehicles & Passenger Car Bodies,,,,
FC,FRANKLIN COVEY CO,,Services-Management Services,,,,
FCX,Freeport Mcmoran Copper & Gold Inc.,NYSE,Metal Mining,,,,
FD,,,,,,,
FDX,Fedex Corp,NYSE,Air Courier Services,,,,
FISV,"Fiserv, Inc.",NASDAQ GS,"Services-Business Services, NEC",,,,
FMCC,Freddie Mac (Federal Home Loan),OTC,Federal & Federally-Sponsored Credit Agencies,,,,
FMX,Fomento Economico Mexicano - Femsa,NYSE,Bottled & Canned Soft Drinks & Carbonated Waters,,,,
FNMA,"Fed. Natl, Mortgage - Fannie Mae",OTC,Federal & Federally-Sponsored Credit Agencies,,,,
FSLR,First Solar Inc.,NASDAQ,Semiconductors & Related Devices,,,,
FXI,ISHARES CHINA LARGE-CAP ETF,NYSE,,geografico,,,
GDX,Van Eck Gold Miners ETF/USA,NYSE,,sectorial,,,
GE,General Electric Co.,NYSE,Electronic & Other Electrical Equipment (No Computer Equip),,,,
GFI,Gold Fields Ltd.,NYSE,Gold and Silver Ores,,,,
GGB,Gerdau S.A.,NYSE,"Steel Works, Blast Furnaces & Rolling & Finishing Mills",,,,
GILD,"Gilead Sciences, Inc.",NASDAQ,"Biological Products, (No Diagnostic Substances)",,,,
GLD,ETF SPDR GOLD TRUST,NYSE,Commodity Contracts Brokers & Dealers,activo_fisico,,,
GLNG,Golar LNG Ltd.,NASDAQ GS,Water Transportation,,,,
GLOB,Globant S.A.,NYSE,Services-Computer Processing & Data Preparation,,,,
GLW,Corning Inc.,NYSE,Drawing & Insulating of  Nonferrous Wire,,,,
GM,General Motors Co,NYSE,Motor Vehicles & Passenger Car Bodies,,,,
GOGLC,,,,,,,
GOGLD,,,,,,,
GOOGL,Alphabet Inc.,NASDAQ,"Services-Computer Programming, Data Processing, Etc.",,,,
GPRK,Geopark Ltd.,NYSE,Crude Petroleum & Natural Gas,,,,
GRMN,Garmin Ltd.,NASDAQ,"Search, Detection, Navigation, Guidance, Aeronautical Sys",,,,
GS,"The Goldman Sachs Group, Inc",NYSE,"Security Brokers, Dealers & Flotation Companies",,,,
GSK,GSK Plc.,NYSE,Pharmaceutical Preparations,,,,
GT,Goodyear Tire & Rubber co./the,NASDAQ,Tires & Inner Tubes,,,,
HAL,Halliburton Co.,NYSE,"Oil & Gas Field Services, NEC",,,,
HAP3C,,,,,,,
HAP3D,,,,,,,
HAPV3,Hapvida Participacoes E Investimentos S.A.,B3,,,,,
HD,The Home Depot Inc.,NYSE,Retail-Lumber & Other Building Materials Dealers,,,,
HDB,Hdfc Bank Limited.,NYSE,"Commercial Banks, NEC",,,,
HHPD,,,,,,,
HIMS,"Hims & Hers Health, Inc.",NYSE,Services-Offices & Clinics of  Doctors of  Medicine,,,,
HL,Hecla Mining Co .,NYSE,Mining & Quarrying of  Nonmetallic Minerals (No Fuels),,,,
HMC,Honda Motor Co. Ltd,NYSE,Motor Vehicles & Passenger Car Bodies,,,,
HMY,Harmony Gold Mining Company Ltd.,NYSE,Gold and Silver Ores,,,,
HOG,Harley-Davidson Inc.,NYSE,"Motorcycles, Bicycles & Parts",,,,
HON,Honeywell International Inc.,NYSE,Aircraft Engines & Engine Parts,,,,
HOOD,Robinhood Markets Inc,NASDAQ,"Security Brokers, Dealers & Flotation Companies",,,,
HPQ,Hp Inc,NYSE,Computer & office Equipment,,,,
HSBC,Hsbc Holdings Plc,NYSE,"Savings Institution, Federally Chartered",,,,
HSY,The Hershey Company,NYSE,Sugar & Confectionery Products,,,,
HUT,Hut 8 Mining Corp.,NASDAQ GS,Finance Services,,,,
HWM,Howmet Aerospace Inc.,NYSE,Rolling Drawing & Extruding of  Nonferrous Metals,,,,
IBB,iShares Nasdaq Biotechnology ETF,NASDAQ,,sectorial,,,
IBIT,ISHARES BITCOIN TRUST,NASDAQ,Commodity Contracts Brokers & Dealers,cripto,,,
IBM,International Business Machines,NYSE,Computer & office Equipment,,,,
IBN,Icici Bank Ltd.,NYSE,"Commercial Banks, NEC",,,,
ICLN,iShares Global Clean Energy ETF,NASDAQ GM,,sectorial,,,
IEMG,iShares Core MSCI Emerging Markets ETF,NYSE,,geografico,,,
IEUR,iShares Core MSCI Europe ETF,NYSE Arca,,geografico,,,
IFF,International Flavors & Fragrances Inc.,NYSE,Industrial Organic Chemicals,,,,
IJH,iShares CORE S&P MID-CAP ETF,NYSE Arca,,indice_amplio,,,
ILF,IShares Latin America 40 ETF,NYSE,,geografico,,,
INFY,Infosys Limited,NASDAQ,Services-Computer Programming Services,,,,
ING,Ing Groep Nv,NYSE,"Commercial Banks, NEC",,,,
INTC,Intel Corporation,NASDAQ,Semiconductors & Related Devices,,,,
IP,International Paper Co.,NYSE,Paper Mills,,,,
IREN,Iren Ltd,NASDAQ,Finance Services,,,,
ISRG,Intuitive Surgical inc,NASDAQ,"Orthopedic, Prosthetic & Surgical Appliances & Supplies",,,,
ITA,iShares U.S. Aerospace & Defense,CBOE,,,,,
ITU3C,,,,,,,
ITUB,Itaú Unibanco Holding S.A.,NYSE,State Commercial Banks,,,,
ITUB3,Banco Itaú Unibanco S.A,B3,,,,,
IVE,iShares S&P 500 Value ETF,NYSE Arca,,factor,,,
IVV,IShares Core S&P 500 ETF,NYSE,,indice_amplio,,,
IVW,iShares S&P 500 Growth ETF,NYSE Arca,,factor,,,
IWDA,,,,,,,
IWM,ISHARES TRUST RUSSELL 2000,NYSE Arca,,indice_amplio,,,
JCI,Johnson Controls International,NYSE,Air-Cond & Warm Air Heatg Equip & Comm & Indl Refrig Equip,,,,
JD,"Jd.Com, Inc.",NASDAQ,"Retail-Retail Stores, NEC",,,,
JMIA,Adr Jumia Technologies Ag,NYSE,Retail-Catalog & Mail-Order Houses,,,,
JNJ,Johnson & Johnson,NYSE,Pharmaceutical Preparations,,,,
JOYY,JOYY Inc.,NASDAQ,Services-Computer Processing & Data Preparation,,,,
JPM,J.P. Morgan & Chase Co.,NYSE,National Commercial Banks,,,,
KB,Kb Financial Group Inc.,NYSE,"Commercial Banks, NEC",,,,
KEEL,Bitfarms Ltd.,NASDAQ GM,Finance Services,,,,
KEP,Korea Electric Power Corp.,NYSE,Electric Services,,,,
KGC,Kinross Gold Corp,NYSE,Gold and Silver Ores,,,,
KMB,Kimberly-Clark Corp.,NYSE,Converted Paper & Paperboard Prods (No Contaners/Boxes),,,,
KO,The Coca Cola Company,NYSE,Beverages,,,,
KOFM,"Coca-Cola Femsa, S.A.B. De C.V.",NYSE,,,,,
LAC,Lithium Americas Corp,NYSE,Metal Mining,,,,
LAR,Lithium Americas (Argentina) Corp,NYSE,Metal Mining,,,,
LLY,Eli Lilly and Company,NYSE,Pharmaceutical Preparations,,,,
LMT,Lockheed Martin Corporation,NYSE,Guided Missiles & Space Vehicles & Parts,,,,
LND,Brasilagro - Co Brasileira de Propriedades Agrícolas,NYSE,Agricultural Production-Crops,,,,
LRCX,Lam Research Corp,NASDAQ,"Special Industry Machinery, NEC",,,,
LRE3C,,,,,,,
LREN3,Lojas Renner S.A.,B3,,,,,
LVS,Las Vegas Sands Corp,NYSE,Hotels & Motels,,,,
LYG,Lloyds Banking Group Plc,NYSE,"Commercial Banks, NEC",,,,
MA,Mastercard Inc.,NYSE,"Services-Business Services, NEC",,,,
MBG,,,,,,,
MCD,Mcdonald'S Corp.,NYSE,Retail-Eating  Places,,,,
MDLZ,Mondelez,NASDAQ,Food and Kindred Products,,,,
MDT,Medtronic Public Limited Company,NYSE,Electromedical & Electrotherapeutic Apparatus,,,,
MELI,Mercadolibre Inc.,NASDAQ,"Services-Business Services, NEC",,,,
META,Meta Platforms Inc,NASDAQ,"Services-Computer Programming, Data Processing, Etc.",,,,
MFG,Mizuho Financial Group,NYSE,National Commercial Banks,,,,
MGL3C,,,,,,,
MGL3D,,,,,,,
MGLU3,Magazine Luiza S.A.,B3,,,,,
MMM,3M Company,NYSE,Surgical & Medical Instruments & Apparatus,,,,
MO,Altria Group Inc.,NYSE,Cigarettes,,,,
MOS,The Mosaic Co,NYSE,Agricultural Chemicals,,,,
MP,MP Materials Corp.,NYSE,Metal Mining,,,,
MRK,Merck & Co. Inc.,NYSE,Pharmaceutical Preparations,,,,
MRNA,Moderna Inc,NASDAQ,"Biological Products, (No Diagnostic Substances)",,,,
MRSH,"MARSH & MCLENNAN COMPANIES, INC.",,"Insurance Agents, Brokers & Service",,,,
MRVL,Marvell Technology Inc,NASDAQ,Semiconductors & Related Devices,,,,
MSFT,Microsoft Corp.,NASDAQ,Services-Prepackaged Software,,,,
MSI,"Motorola Solutions, Inc.",NYSE,Radio & Tv Broadcasting & Communications Equipment,,,,
MSTR,Microstrategy Inc Cl A New,NASDAQ GS,Finance Services,,,,
MU,Micron Technology Inc,NASDAQ GS,Semiconductors & Related Devices,,,,
MUFG,Mitsubishi Ufj Financial Group,NYSE,"Commercial Banks, NEC",,,,
MUX,McEwen Mining Inc,NYSE,Gold and Silver Ores,,,,
NAT3D,,,,,,,
NATU3,NATURA COSMETICOS SA,B3,,,,,
NBIS,Nebius Group N.V.,NASDAQ GS,"Services-Computer Programming, Data Processing, Etc.",,,,
NEC1,,,,,,,
NEE,"NextEra Energy, Inc.",NYSE,Electric Services,,,,
NEM,Newmont Corporation,NYSE,Gold and Silver Ores,,,,
NFLX,"Netflix, Inc.",NASDAQ,Services-Video Tape Rental,,,,
NG,Novagold Resources INC.,NYSE,Gold and Silver Ores,,,,
NGG,National Grid Plc,NYSE,Natural Gas Transmission,,,,
NIO,NIO Inc.,NYSE,Motor Vehicles & Passenger Car Bodies,,,,
NKE,Nike Inc.,NYSE,Rubber & Plastics Footwear,,,,
NMR,"Nomura Holdings, Inc",NYSE,"Security Brokers, Dealers & Flotation Companies",,,,
NOKA,Nokia Corporation,NYSE,,,,,
NOW,SERVICENOW INC,NYSE,Services-Prepackaged Software,,,,
NSAN,"Nissan Motor Co., Ltd",OTC US,,,,,
NTES,"Netease, Inc",NASDAQ,Services-Prepackaged Software,,,,
NU,Nu Holdings Ltd.,,Finance Services,,,,
NUE,Nucor Corp,NYSE,"Steel Works, Blast Furnaces & Rolling Mills (Coke Ovens)",,,,
NVDA,Nvidia Corporation,NASDAQ,Semiconductors & Related Devices,,,,
NVO,NOVO NORDISK A/S,NYSE,Pharmaceutical Preparations,,,,
NVS,Novartis Ag,NYSE,Pharmaceutical Preparations,,,,
NXE,Nexgen Energy LTD,NYSE,Miscellaneous Metal Ores,,,,
O,Realty Income Corp.,NYSE,Real Estate Investment Trusts,,,,
OC,Owens Corning,,"Abrasive, Asbestos & Misc Nonmetallic Mineral Prods",,,,
OD,,,,,,,
OKLO,Oklo Inc,NYSE,Electric Services,,,,
ONDS,Ondas Holdings Inc.,NASDAQ CM,Radio & Tv Broadcasting & Communications Equipment,,,,
ORCL,Oracle Corporation,NYSE,Services-Prepackaged Software,,,,
ORLY,O'reilly Automotive Inc,NASDAQ,Retail-Auto & Home Supply Stores,,,,
OXY,Occidental Petroleum Corp.,NYSE,Crude Petroleum & Natural Gas,,,,
PAAS,Pan American Silver Corp.,NASDAQ,Gold and Silver Ores,,,,
PAC,"Grupo Aeroportuario del Pacifico, S.A.B. de C.V.",NYSE,"Airports, Flying Fields & Airport Terminal Services",,,,
PAGS,Pagseguro Digital Ltd,NYSE,Services-Computer Processing & Data Preparation,,,,
PANW,Palo Alto Networks Inc,NASDAQ GS,"Computer Peripheral Equipment, NEC",,,,
PATH,UIPATH INC,NYSE,Services-Prepackaged Software,,,,
PBI,Pitney Bowes Inc,NYSE,"Office Machines, NEC",,,,
PBR,Petrobras (ADR),NYSE,Crude Petroleum & Natural Gas,,,,
PCAR,Paccar Inc.,NASDAQ,Motor Vehicles & Passenger Car Bodies,,,,
PDD,PDD HOLDINGS INC,NASDAQ GS,"Services-Business Services, NEC",,,,
PEP,Pepsico Inc,NASDAQ,Beverages,,,,
PETR,,,,,,,
PETR3,Petrobras - Petróleo Brasileiro S.A.,B3,,,,,
PFE,Pfizer Inc.,NYSE,Pharmaceutical Preparations,,,,
PG,Procter & Gamble,NYSE,"Soap, Detergents, Cleang Preparations, Perfumes, Cosmetics",,,,
PHG,Koninklijke Philips N.V.,NYSE,X-Ray Apparatus & Tubes & Related Irradiation Apparatus,,,,
PINS,Pinterest,NYSE,"Services-Computer Programming, Data Processing, Etc.",,,,
PKS,Posco Holdings Inc.,NYSE,,,,,
PLTR,Palantir Technologies Inc,NYSE,Services-Prepackaged Software,,,,
PM,Philip Morris International,NYSE,Cigarettes,,,,
PRI3C,,,,,,,
PRIO3,Petro Rio S.A.,B3,,,,,
PSO,,,,,,,
PSQ,PROSHARES SHORT QQQ,NYSE Arca,,,,,
PSX,Phillips 66,NYSE,Petroleum Refining,,,,
PYPL,"Paypal Holdings, Inc.",NASDAQ,"Services-Business Services, NEC",,,,
QCOM,Qualcomm Inc.,NASDAQ,Radio & Tv Broadcasting & Communications Equipment,,,,
QQQ,INVESCO QQQ TRUST,NASDAQ,,sin_clasificar,,,
RACE,Ferrari,NYSE,Motor Vehicles & Passenger Car Bodies,,,,
RBLX,Roblox Corp.,NYSE,Services-Prepackaged Software,,,,
REN3C,,,,,,,
RENT3,Localiza Rent A Car S.A.,B3,,,,,
RGTI,RIGETTI COMPUTING INC,NASDAQ CM,Services-Computer Programming Services,,,,
RIO,Rio Tinto Plc,NYSE,Metal Mining,,,,
RIOT,Riot Platforms,NASDAQ,Finance Services,,,,
RKLB,Rocket Lab Corp,NASDAQ,Guided Missiles & Space Vehicles & Parts,,,,
ROKU,Roku,NASDAQ,Cable & Other Pay Television Services,,,,
ROST,"Ross Stores, Inc.",NASDAQ,Retail-Family Clothing Stores,,,,
RSP,Invesco S&P 500 eql wght ETF,NYSE ARCA,,equiponderado,,,
RTX,Raytheon Technologies Corp,NYSE,Aircraft Engines & Engine Parts,,,,
SAN,Banco Santander S.A,NYSE,"Commercial Banks, NEC",,,,
SAP,Sap Se,NYSE,Services-Prepackaged Software,,,,
SATL,Satellogic Inc.,NASDAQ GS,Radio & Tv Broadcasting & Communications Equipment,,,,
SBS,COMPANHIA DE SANEAMENTO BASICO DO ESTADO DE SAO PAULO-SABESP,,Water Supply,,,,
SBSP3,Cia Saneamento Básico de SP,B3,,,,,
SBSPD,,,,,,,
SBUX,Starbucks Corporation,NASDAQ,Retail-Eating & Drinking Places,,,,
SCCO,Southern Copper Corp,NYSE,Metal Mining,,,,
SCHW,Charles Schwab,NYSE,"Security Brokers, Dealers & Flotation Companies",,,,
SCOOD,,,,,,,
SDA,SunCar Technology Group Inc,NASDAQ,"Services-Automotive Repair, Services & Parking",,,,
SE,Sea Ltd.,NYSE,Services-Miscellaneous Business Services,,,,
SH,PROSHARES SHORT S&P500,NYSE,,,,,
SHEL,Royal Dutch Shell Plc,NYSE,Crude Petroleum & Natural Gas,,,,
SHOP,Shopify Inc.,NYSE,Services-Prepackaged Software,,,,
SID,Companhia Siderúrgica Nacional,NYSE,"Steel Works, Blast Furnaces & Rolling & Finishing Mills",,,,
SIEGC,,,,,,,
SIEGY,Siemens Ag Adr,OTC,,,,,
SLB,Schlumberger Ltd,NYSE,"Oil & Gas Field Services, NEC",,,,
SLV,iShares SILVER TRUST,NYSE Arca,Commodity Contracts Brokers & Dealers,activo_fisico,,,
SMH,VAN ECK SEMICONDUCTOR ETF,NASDAQ,,sectorial,,,
SMSN,,,,,,,
SNA,Snap-On Inc,NYSE,"Cutlery, Handtools & General Hardware",,,,
SNAP,Snap Inc.,NYSE,"Services-Computer Programming, Data Processing, Etc.",,,,
SNDK,Sandisk Corporation,NASDAQ GS,Computer Storage Devices,,,,
SNOW,Snowflake Inc.,NYSE,Services-Prepackaged Software,,,,
SONY,Sony Group Corporation,NYSE,Household Audio & Video Equipment,,,,
SPCE,Virgin Galactic,NYSE,Transportation Services,,,,
SPCX,SPACE EXPLORATION TECHNOLOGIES CORP.,NASDAQ GS,"Services-Computer Programming, Data Processing, Etc.",,,,
SPGI,S&P Global Inc,NYSE,"Services-Consumer Credit Reporting, Collection Agencies",,,,
SPHQ,Invesco S&P 500 quality ETF,NYSE ARCA,,factor,,,
SPOT,Spotify Technology S.A.,NYSE,Radio Broadcasting Stations,,,,
SPXL,DIREXION DAILY S&P 500 BULL 3X,NYSE Arca,,,,,
SPY,SPDR S&P 500,NYSE Arca,,,,,
STLA,Stellantis,NYSE,Motor Vehicles & Passenger Car Bodies,,,,
STNE,StoneCo Ltd,NASDAQ,Services-Computer Processing & Data Preparation,,,,
SUZ,Suzano Papel E Celulose S.A.,NYSE,Paper Mills,,,,
SUZB3,Suzano S.A.,B3,,,,,
SWKS,Skyworks Solutions,NASDAQ,Semiconductors & Related Devices,,,,
SYY,Sysco Corp.,NYSE,Wholesale-Groceries & Related Products,,,,
T,At &T Inc.,NYSE,Telephone Communications (No Radiotelephone),,,,
TB,,,,,,,
TC,Token Cat Ltd,,"Services-Business Services, NEC",,,,
TCOM,TRIP.COM Group Ltd.,NASDAQ,"Services-Business Services, NEC",,,,
TD,TORONTO DOMINION BANK,,"Commercial Banks, NEC",,,,
TEAM,ATLASSIAN CORPORATION,NASDAQ GS,Services-Prepackaged Software,,,,
TEM,TEMPUS AI INC,NASDAQ GS,"Services-Computer Programming, Data Processing, Etc.",,,,
TEN,Tenaris,NYSE,Deep Sea Foreign Transportation of  Freight,,,,
TGT,Target Corporation,NYSE,Retail-Variety Stores,,,,
TIIAC,,,,,,,
TIIAD,,,,,,,
TIMB,Tim Participações S.A.,NYSE,Telephone Communications (No Radiotelephone),,,,
TIMS3,TIM S.A.,B3,,,,,
TJX,TJX Companies Inc/The,NYSE,Retail-Family Clothing Stores,,,,
TM,Toyota Motor Corporation,NYSE,Motor Vehicles & Passenger Car Bodies,,,,
TMO,Thermo Fisher Scientific Inc.,NYSE,"Measuring & Controlling Devices, NEC",,,,
TMUS,T-mobile,NASDAQ,Radiotelephone Communications,,,,
TQQQ,ProShares UltraPro QQQ,NASDAQ,,,,,
TRIP,"Tripadvisor, Inc.",NASDAQ,"Services-Computer Programming, Data Processing, Etc.",,,,
TRVV,The Travelers Cos. Inc.,NYSE,,,,,
TSLA,"Tesla, Inc.",NASDAQ,Motor Vehicles & Passenger Car Bodies,,,,
TSM,Taiwan Semiconductor Manufacturing,NYSE,Semiconductors & Related Devices,,,,
TTE,TotalEnergies SE,NYSE,Crude Petroleum & Natural Gas,,,,
TV,Grupo Televisa S.A.,NYSE,Television Broadcasting Stations,,,,
TWLO,Twilio Inc,NYSE,Services-Prepackaged Software,,,,
TXN,Texas Instruments Inc,NASDAQ,Semiconductors & Related Devices,,,,
TXR,Ternium S.A.,NYSE,,,,,
UAL,United Airlines Holdings Inc.,NASDAQ GS,"Air Transportation, Scheduled",,,,
UBER,Uber Technologies Inc.,NYSE,"Services-Business Services, NEC",,,,
UGP,Ultrapar Participações S.A.,NYSE,Natural Gas Distribution,,,,
UL,Unilever PLC - Sponsored,NYSE,"Soap, Detergents, Cleang Preparations, Perfumes, Cosmetics",,,,
UNH,UnitedHealth Group Inc.,NYSE,Hospital & Medical Service Plans,,,,
UNP,Union Pacific Corp.,NYSE,"Railroads, Line-Haul Operating",,,,
UPST,Upstart Hldgs Inc,NASDAQ GS,Finance Services,,,,
URA,Global X Uranium ETF,NYSE Arca,,sectorial,,,
URBN,Urban Outfitters INC.,NASDAQ,Retail-Family Clothing Stores,,,,
USO,United States Oil Fund,NYSE,Commodity Contracts Brokers & Dealers,sectorial,,,
V,Visa Inc,NYSE,"Services-Business Services, NEC",,,,
VAL3C,,,,,,,
VAL3D,,,,,,,
VALE,Vale S.A.,NYSE,Metal Mining,,,,
VALE3,Vale S.A.,B3,,,,,
VB,,,,,,,
VC,VISTEON CORP,,Motor Vehicle Parts & Accessories,,,,
VD,,,,,,,
VEA,Vanguard FTSE Developed Markets ETF,NYSE Arca,,geografico,,,
VIG,VANGUARD DIVIDEND APPRECIATION,NYSE Arca,,,,,
VIST,Vista Energy S.A.B. de C.V.,NYSE,Crude Petroleum & Natural Gas,,,,
VIV,Telefônica Brasil S.A.,NYSE,Telephone Communications (No Radiotelephone),,,,
VIVT3,Telefônica Brasil S.A.,B3,,,,,
VIVTC,,,,,,,
VOD,Vodafone Group Plc,NASDAQ,Radiotelephone Communications,,,,
VRSN,VERISIGN INC/CA,,Services-Computer Programming Services,,,,
VRTX,VERTEX PHARMACEUTICALS INC,NYSE,Pharmaceutical Preparations,,,,
VST,VISTRA CORPORATION,NYSE,Electric Services,,,,
VXX,iPath Series B S&P 500 VIX,CBOE,"Commercial Banks, NEC",,,,
VZ,Verizon Communications Inc.,NYSE,Telephone Communications (No Radiotelephone),,,,
WBO,Weibo Corporation,NASDAQ,,,,,
WEGE3,Weg S.A.,B3,,,,,
WFC,Wells Fargo & Co.,NYSE,National Commercial Banks,,,,
WMT,Walmart Inc.,NYSE,Retail-Variety Stores,,,,
XLB,The Materials Select Sector SPDR Fund,NYSE Arca,,sectorial,,,
XLC,The Communication Services Select Sector SPDR Fund,NYSE Arca,,sectorial,,,
XLE,ENERGY SELECT SECTOR SPDR FUND,NYSE Arca,,sectorial,,,
XLF,FINANCIAL SELECT SECTOR SPDR FUND,NYSE Arca,,sectorial,,,
XLI,The Industrial Select Sector SPDR Fund,NYSE Arca,,sectorial,,,
XLK,The Technology Select Sector SPDR Fund,NYSE Arca,,sectorial,,,
XLP,The Consumer Staples Select Sector SPDR Fund,NYSE Arca,,sectorial,,,
XLRE,The Real Estate Select Sector SPDR Fund,NYSE Arca,,sectorial,,,
XLU,,,,,,,
XLV,The Health Care Select Sector SPDR Fund,NYSE Arca,,sectorial,,,
XLY,The Consumer Discretionary Select Sector SPDR Fund,NYSE Arca,,sectorial,,,
XME,State Street SPDR S&P Metals & Mining ETF,NYSE ARCA,,sectorial,,,
XOM,Exxon Mobil Corporation,NYSE,Petroleum Refining,,,,
XP,XP Inc,NASDAQ,"Security Brokers, Dealers & Flotation Companies",,,,
XPEV,XPENG INC.,,Motor Vehicles & Passenger Car Bodies,,,,
XROX,Xerox Holding Corporation,NYSE,,,,,
XYZ,Square Inc.,NYSE,Services-Prepackaged Software,,,,
YELP,Yelp Inc.,NYSE,Services-Personal Services,,,,
YZCA,Yanzhou Coal Mining Co. Ltd.,OTC US,,,,,
ZM,Zoom Video Communications Inc.,NASDAQ,"Services-Computer Programming, Data Processing, Etc.",,,,
